datetime,symbol,Open,High,Low,Close,Volume
2020-12-10 10:00:00,BMFBOVESPA:RDOR3,61.944177,62.811258,58.199513,59.457263,27308546.0
2020-12-11 10:00:00,BMFBOVESPA:RDOR3,59.504904,61.887002,59.085651,61.887002,3718666.0
2020-12-14 10:00:00,BMFBOVESPA:RDOR3,61.934647,64.278634,61.08662,63.259095,4051458.0
2020-12-15 10:00:00,BMFBOVESPA:RDOR3,63.745046,64.24052,62.696922,63.44966,3442542.0
2020-12-16 10:00:00,BMFBOVESPA:RDOR3,63.649763,64.307218,63.078053,64.078539,2968487.0
2020-12-17 10:00:00,BMFBOVESPA:RDOR3,63.916558,67.546878,63.887973,66.508285,4024592.0
2020-12-18 10:00:00,BMFBOVESPA:RDOR3,66.498755,68.109058,65.088548,65.088548,10213767.0
2020-12-21 10:00:00,BMFBOVESPA:RDOR3,63.849859,64.25958,62.696922,63.058999,2255567.0
2020-12-22 10:00:00,BMFBOVESPA:RDOR3,63.554473,64.135707,62.954186,64.126183,1828737.0
2020-12-23 10:00:00,BMFBOVESPA:RDOR3,64.307218,65.002795,63.840328,64.926566,900880.0
2020-12-28 10:00:00,BMFBOVESPA:RDOR3,65.269589,65.43157,64.221467,64.793169,1444410.0
2020-12-29 10:00:00,BMFBOVESPA:RDOR3,64.793169,64.983734,64.316749,64.793169,1015168.0
2020-12-30 10:00:00,BMFBOVESPA:RDOR3,64.802699,65.079024,63.554473,65.079024,1368638.0
2021-01-04 10:00:00,BMFBOVESPA:RDOR3,65.317234,65.317234,62.601633,62.887488,1419329.0
2021-01-05 10:00:00,BMFBOVESPA:RDOR3,63.012694,63.480513,60.673585,62.153428,1293543.0
2021-01-06 10:00:00,BMFBOVESPA:RDOR3,62.162978,62.267999,59.05053,59.05053,1281183.0
2021-01-07 10:00:00,BMFBOVESPA:RDOR3,59.585185,60.511282,57.761636,58.191269,2010284.0
2021-01-08 10:00:00,BMFBOVESPA:RDOR3,58.811846,60.205766,58.24855,59.413332,2439617.0
2021-01-11 10:00:00,BMFBOVESPA:RDOR3,59.375142,60.100745,56.921466,58.468144,3637851.0
2021-01-12 10:00:00,BMFBOVESPA:RDOR3,58.716374,62.057956,57.341552,61.265522,2820664.0
2021-01-13 10:00:00,BMFBOVESPA:RDOR3,61.103218,63.34685,60.177122,63.34685,2440875.0
2021-01-14 10:00:00,BMFBOVESPA:RDOR3,63.222737,64.40661,63.060434,64.062904,2045374.0
2021-01-15 10:00:00,BMFBOVESPA:RDOR3,63.394591,64.922169,62.630797,64.349329,1526905.0
2021-01-18 10:00:00,BMFBOVESPA:RDOR3,64.253856,65.284967,62.544874,64.206116,3698288.0
2021-01-19 10:00:00,BMFBOVESPA:RDOR3,64.673936,65.810076,63.976981,64.826698,2304814.0
2021-01-20 10:00:00,BMFBOVESPA:RDOR3,65.218136,65.876907,64.635745,64.922169,2218196.0
2021-01-21 10:00:00,BMFBOVESPA:RDOR3,64.91262,65.590483,63.85286,64.845789,1845737.0
2021-01-22 10:00:00,BMFBOVESPA:RDOR3,64.253856,64.893528,62.917222,64.253856,1702555.0
2021-01-26 10:00:00,BMFBOVESPA:RDOR3,64.253856,64.893528,62.554417,63.385041,1466679.0
2021-01-27 10:00:00,BMFBOVESPA:RDOR3,63.642825,63.642825,60.243952,61.246431,2796783.0
2021-01-28 10:00:00,BMFBOVESPA:RDOR3,61.103218,62.239358,60.721321,62.067505,1844584.0
2021-01-29 10:00:00,BMFBOVESPA:RDOR3,61.71425,63.85286,60.721321,62.72627,2318745.0
2021-02-01 10:00:00,BMFBOVESPA:RDOR3,63.967432,64.922169,63.127265,64.731225,1993736.0
2021-02-02 10:00:00,BMFBOVESPA:RDOR3,64.950811,66.583411,64.635745,65.447278,2334456.0
2021-02-03 10:00:00,BMFBOVESPA:RDOR3,65.533201,67.786383,65.265876,67.786383,4008844.0
2021-02-04 10:00:00,BMFBOVESPA:RDOR3,67.929595,70.163678,67.337655,70.077755,4318352.0
2021-02-05 10:00:00,BMFBOVESPA:RDOR3,70.173227,71.509862,68.970256,71.509862,2910637.0
2021-02-08 10:00:00,BMFBOVESPA:RDOR3,71.509862,71.557594,70.039565,70.173227,2237885.0
2021-02-09 10:00:00,BMFBOVESPA:RDOR3,69.686309,71.185247,68.406964,70.889281,2783901.0
2021-02-10 10:00:00,BMFBOVESPA:RDOR3,70.889281,70.889281,68.502436,69.313961,1897584.0
2021-02-11 10:00:00,BMFBOVESPA:RDOR3,69.313961,70.34508,67.843665,69.084827,7945003.0
2021-02-12 10:00:00,BMFBOVESPA:RDOR3,68.636098,70.612406,68.273301,70.459651,1355864.0
2021-02-17 10:00:00,BMFBOVESPA:RDOR3,70.650596,71.605334,69.352152,70.34508,1243268.0
2021-02-18 10:00:00,BMFBOVESPA:RDOR3,70.698336,70.784258,68.340133,68.741121,1203885.0
2021-02-19 10:00:00,BMFBOVESPA:RDOR3,68.101448,69.963184,68.091899,69.71495,717051.0
2021-02-22 10:00:00,BMFBOVESPA:RDOR3,68.254202,68.722029,64.731225,67.748192,1859458.0
2021-02-23 10:00:00,BMFBOVESPA:RDOR3,68.263752,69.648119,66.249254,69.218489,1785719.0
2021-02-24 10:00:00,BMFBOVESPA:RDOR3,69.600387,69.676766,67.585889,69.438082,1110247.0
2021-02-25 10:00:00,BMFBOVESPA:RDOR3,70.173227,70.545574,66.917568,68.130089,1728846.0
2021-02-26 10:00:00,BMFBOVESPA:RDOR3,68.454696,68.731571,65.972379,65.972379,1867312.0
2021-03-01 10:00:00,BMFBOVESPA:RDOR3,66.6407,69.161207,66.373368,67.041688,1489723.0
2021-03-02 10:00:00,BMFBOVESPA:RDOR3,66.707532,67.56679,65.41863,66.0965,2186457.0
2021-03-03 10:00:00,BMFBOVESPA:RDOR3,66.402016,67.013047,63.967432,64.969909,3016213.0
2021-03-04 10:00:00,BMFBOVESPA:RDOR3,65.084473,65.781435,63.031786,64.845789,2623960.0
2021-03-05 10:00:00,BMFBOVESPA:RDOR3,64.817147,64.826698,61.66651,63.470971,2924150.0
2021-03-08 10:00:00,BMFBOVESPA:RDOR3,62.955412,62.955412,59.203288,59.346501,3394121.0
2021-03-09 10:00:00,BMFBOVESPA:RDOR3,60.148481,60.835893,57.67571,58.143533,2423173.0
2021-03-10 10:00:00,BMFBOVESPA:RDOR3,58.716374,59.776134,57.064677,57.284267,1992164.0
2021-03-11 10:00:00,BMFBOVESPA:RDOR3,59.193743,60.692681,57.780731,60.148481,4855045.0
2021-03-12 10:00:00,BMFBOVESPA:RDOR3,59.995722,61.504206,59.212837,59.671112,1291239.0
2021-03-15 10:00:00,BMFBOVESPA:RDOR3,59.976628,61.771532,59.804774,61.084124,766279.0
2021-03-16 10:00:00,BMFBOVESPA:RDOR3,61.103218,62.296641,61.084124,62.22026,800737.0
2021-03-17 10:00:00,BMFBOVESPA:RDOR3,61.446925,62.239358,60.053009,60.797702,2209711.0
2021-03-18 10:00:00,BMFBOVESPA:RDOR3,60.797702,61.933843,58.706828,59.690206,1350000.0
2021-03-19 10:00:00,BMFBOVESPA:RDOR3,59.585185,61.007746,59.432427,60.874079,2089888.0
2021-03-22 10:00:00,BMFBOVESPA:RDOR3,60.864534,61.7238,58.993249,60.282143,887252.0
2021-03-23 10:00:00,BMFBOVESPA:RDOR3,59.947987,59.957532,58.974153,59.336955,1782370.0
2021-03-24 10:00:00,BMFBOVESPA:RDOR3,59.718848,59.718848,57.790277,57.857108,1545130.0
2021-03-25 10:00:00,BMFBOVESPA:RDOR3,58.382218,59.747493,57.332003,59.671112,3209044.0
2021-03-26 10:00:00,BMFBOVESPA:RDOR3,59.356046,59.947987,58.2581,59.002794,1223368.0
2021-03-29 10:00:00,BMFBOVESPA:RDOR3,58.716374,59.117362,57.570688,58.563616,1218550.0
2021-03-30 10:00:00,BMFBOVESPA:RDOR3,58.239005,60.415806,57.914394,60.138935,2271507.0
2021-03-31 10:00:00,BMFBOVESPA:RDOR3,60.520827,61.972034,59.632921,61.972034,2354673.0
2021-04-01 10:00:00,BMFBOVESPA:RDOR3,61.087848,63.563479,61.087848,61.489304,1909202.0
2021-04-05 10:00:00,BMFBOVESPA:RDOR3,61.479743,62.607637,59.940837,61.909869,1779578.0
2021-04-06 10:00:00,BMFBOVESPA:RDOR3,63.037763,64.337709,62.569402,63.620827,2175459.0
2021-04-07 10:00:00,BMFBOVESPA:RDOR3,64.51932,65.370019,63.802439,64.576669,1618045.0
2021-04-08 10:00:00,BMFBOVESPA:RDOR3,64.987681,64.997241,63.276723,63.276723,1141082.0
2021-04-09 10:00:00,BMFBOVESPA:RDOR3,63.085558,63.582593,62.129716,63.018649,1193707.0
2021-04-12 10:00:00,BMFBOVESPA:RDOR3,63.754644,66.17293,63.754644,65.953083,2310734.0
2021-04-13 10:00:00,BMFBOVESPA:RDOR3,65.761918,67.864767,65.15018,66.55526,2645620.0
2021-04-14 10:00:00,BMFBOVESPA:RDOR3,66.55526,67.816972,66.211157,66.431004,2328623.0
2021-04-15 10:00:00,BMFBOVESPA:RDOR3,66.440564,67.004507,65.761918,66.239838,1583519.0
2021-04-16 10:00:00,BMFBOVESPA:RDOR3,66.622169,66.908925,65.809705,66.908925,761732.0
2021-04-19 10:00:00,BMFBOVESPA:RDOR3,66.564821,66.803781,65.857501,66.507473,994512.0
2021-04-20 10:00:00,BMFBOVESPA:RDOR3,66.41189,66.784668,65.169293,65.790592,2073664.0
2021-04-22 10:00:00,BMFBOVESPA:RDOR3,65.484722,66.908925,63.802439,64.51932,1807615.0
2021-04-23 10:00:00,BMFBOVESPA:RDOR3,64.901659,66.344982,64.337709,66.287626,1083961.0
2021-04-26 10:00:00,BMFBOVESPA:RDOR3,65.943523,67.214794,65.121498,66.354535,1328563.0
2021-04-27 10:00:00,BMFBOVESPA:RDOR3,66.55526,66.574382,64.82519,65.608979,1796945.0
2021-04-28 10:00:00,BMFBOVESPA:RDOR3,65.819266,67.10009,65.006802,66.211157,1582789.0
2021-04-29 10:00:00,BMFBOVESPA:RDOR3,66.211157,66.889811,65.838379,66.431004,1350323.0
2021-04-30 10:00:00,BMFBOVESPA:RDOR3,66.431004,68.725026,65.924409,68.725026,2844819.0
2021-05-03 10:00:00,BMFBOVESPA:RDOR3,68.466944,68.495626,66.000878,66.526586,1745994.0
2021-05-04 10:00:00,BMFBOVESPA:RDOR3,66.517026,66.517026,65.322224,65.714123,1265583.0
2021-05-05 10:00:00,BMFBOVESPA:RDOR3,65.953083,66.842016,65.006802,66.526586,1396041.0
2021-05-06 10:00:00,BMFBOVESPA:RDOR3,66.717759,68.428709,66.144249,67.769184,2511916.0
2021-05-07 10:00:00,BMFBOVESPA:RDOR3,68.055932,69.298529,66.975834,68.428709,2101703.0
2021-05-10 10:00:00,BMFBOVESPA:RDOR3,68.820608,70.110993,68.505179,69.202947,1502336.0
2021-05-11 10:00:00,BMFBOVESPA:RDOR3,68.256666,69.680868,67.683155,68.476504,1015539.0
2021-05-12 10:00:00,BMFBOVESPA:RDOR3,70.732292,71.66902,69.021334,69.021334,8363827.0
2021-05-13 10:00:00,BMFBOVESPA:RDOR3,69.021334,70.225697,67.616246,69.757336,1378780.0
2021-05-14 10:00:00,BMFBOVESPA:RDOR3,69.958062,70.56024,69.145591,70.445537,1266313.0
2021-05-17 10:00:00,BMFBOVESPA:RDOR3,70.923457,72.643976,70.923457,72.643976,3297507.0
2021-05-18 10:00:00,BMFBOVESPA:RDOR3,72.462364,73.035874,67.004507,68.725026,6087611.0
2021-05-19 10:00:00,BMFBOVESPA:RDOR3,67.358171,69.183825,65.953083,68.897078,3644530.0
2021-05-20 10:00:00,BMFBOVESPA:RDOR3,68.897078,71.152864,68.897078,70.464657,2170750.0
2021-05-21 10:00:00,BMFBOVESPA:RDOR3,70.923457,71.66902,70.120554,71.114631,1789936.0
2021-05-24 10:00:00,BMFBOVESPA:RDOR3,71.496968,72.318993,69.241181,69.919828,2303410.0
2021-05-25 10:00:00,BMFBOVESPA:RDOR3,69.910267,71.401378,69.470581,70.627148,1615952.0
2021-05-26 10:00:00,BMFBOVESPA:RDOR3,71.592551,71.592551,69.298529,70.254371,2924119.0
2021-05-27 10:00:00,BMFBOVESPA:RDOR3,68.820608,68.820608,67.10009,67.864767,29167794.00000001
2021-05-28 10:00:00,BMFBOVESPA:RDOR3,68.648557,68.648557,66.765547,67.864767,3851573.0
2021-05-31 10:00:00,BMFBOVESPA:RDOR3,67.864767,68.237544,67.014068,67.119211,1408388.0
2021-06-01 10:00:00,BMFBOVESPA:RDOR3,67.836092,67.836092,65.016355,65.542071,4217011.0
2021-06-02 10:00:00,BMFBOVESPA:RDOR3,65.800145,66.727313,65.264876,66.211157,3150517.0
2021-06-04 10:00:00,BMFBOVESPA:RDOR3,66.239838,66.880251,65.714123,65.953083,2098983.0
2021-06-07 10:00:00,BMFBOVESPA:RDOR3,65.905288,66.220718,63.821553,65.475162,3653109.0
2021-06-08 10:00:00,BMFBOVESPA:RDOR3,65.484722,65.953083,64.433298,65.953083,1712621.0
2021-06-09 10:00:00,BMFBOVESPA:RDOR3,65.943523,66.679525,65.522957,65.895734,1413094.0
2021-06-10 10:00:00,BMFBOVESPA:RDOR3,65.953083,66.975834,65.140619,66.975834,1284310.0
2021-06-11 10:00:00,BMFBOVESPA:RDOR3,66.822903,66.822903,65.924409,66.63173,1030081.0
2021-06-14 10:00:00,BMFBOVESPA:RDOR3,66.660404,66.95672,65.647214,66.383209,1646501.0
2021-06-15 10:00:00,BMFBOVESPA:RDOR3,66.536147,66.669964,64.82519,65.217088,1519809.0
2021-06-16 10:00:00,BMFBOVESPA:RDOR3,65.522957,65.695009,64.59579,65.303111,1870597.0
2021-06-17 10:00:00,BMFBOVESPA:RDOR3,65.37958,65.819266,64.949446,65.484722,1618672.0
2021-06-18 10:00:00,BMFBOVESPA:RDOR3,65.465602,65.589866,63.984051,63.984051,4295162.0
2021-06-21 10:00:00,BMFBOVESPA:RDOR3,64.117869,64.59579,63.563479,63.945817,2006603.0
2021-06-22 10:00:00,BMFBOVESPA:RDOR3,64.041399,66.717759,63.706857,66.669964,1793074.0
2021-06-23 10:00:00,BMFBOVESPA:RDOR3,66.297187,66.603055,65.312671,65.761918,1165459.0
2021-06-24 10:00:00,BMFBOVESPA:RDOR3,66.297187,66.459678,64.729607,65.178853,1720782.0
2021-06-25 10:00:00,BMFBOVESPA:RDOR3,65.513054,66.80494,64.498686,65.714013,2119322.0
2021-06-28 10:00:00,BMFBOVESPA:RDOR3,65.838422,66.584845,65.063284,66.450871,1080924.0
2021-06-29 10:00:00,BMFBOVESPA:RDOR3,66.326463,66.594409,65.101564,66.460436,1640408.0
2021-06-30 10:00:00,BMFBOVESPA:RDOR3,66.316899,66.508287,64.814481,66.058517,2070837.0
2021-07-01 10:00:00,BMFBOVESPA:RDOR3,66.431728,67.46524,65.321666,66.336035,2239289.0
2021-07-02 10:00:00,BMFBOVESPA:RDOR3,66.747525,68.326501,65.886265,68.326501,1625987.0
2021-07-05 10:00:00,BMFBOVESPA:RDOR3,68.039411,68.623153,67.46524,67.675771,1193575.0
2021-07-06 10:00:00,BMFBOVESPA:RDOR3,67.560934,67.570506,66.556137,66.852791,1978775.0
2021-07-07 10:00:00,BMFBOVESPA:RDOR3,67.063322,67.886302,66.470007,67.87673,1302670.0
2021-07-08 10:00:00,BMFBOVESPA:RDOR3,66.89107,67.589641,66.60398,67.560934,1201725.0
2021-07-12 10:00:00,BMFBOVESPA:RDOR3,67.560934,68.039411,66.69011,66.938913,1499127.0
2021-07-13 10:00:00,BMFBOVESPA:RDOR3,66.938913,67.350403,66.058517,66.795376,1366937.0
2021-07-14 10:00:00,BMFBOVESPA:RDOR3,66.80494,67.580078,65.800143,66.977192,2403666.0
2021-07-15 10:00:00,BMFBOVESPA:RDOR3,66.977192,66.986763,65.426932,65.895837,1868947.0
2021-07-16 10:00:00,BMFBOVESPA:RDOR3,66.383885,66.967627,65.350373,65.599183,1458374.0
2021-07-19 10:00:00,BMFBOVESPA:RDOR3,65.426932,65.426932,63.857528,63.972357,1483034.0
2021-07-20 10:00:00,BMFBOVESPA:RDOR3,64.30729,64.594379,62.6709,63.809677,2254231.0
2021-07-21 10:00:00,BMFBOVESPA:RDOR3,63.962786,64.900604,63.005832,63.417323,1893191.0
2021-07-22 10:00:00,BMFBOVESPA:RDOR3,63.637425,66.910205,63.24507,66.910205,3449693.0
2021-07-23 10:00:00,BMFBOVESPA:RDOR3,66.460436,66.460436,65.627891,66.221198,1196813.0
2021-07-26 10:00:00,BMFBOVESPA:RDOR3,66.087225,66.249912,63.828813,64.240303,1754625.0
2021-07-27 10:00:00,BMFBOVESPA:RDOR3,64.345569,64.460406,62.881431,64.460406,1534239.0
2021-07-28 10:00:00,BMFBOVESPA:RDOR3,64.489113,64.814481,63.560867,64.80491,1606762.0
2021-07-29 10:00:00,BMFBOVESPA:RDOR3,65.072856,66.651832,64.498686,66.422165,1833941.0
2021-07-30 10:00:00,BMFBOVESPA:RDOR3,65.742721,66.785804,64.814481,66.02981,2569816.0
2021-08-02 10:00:00,BMFBOVESPA:RDOR3,66.326463,67.436533,66.125503,67.226002,1637066.0
2021-08-03 10:00:00,BMFBOVESPA:RDOR3,67.369547,68.604017,66.297756,68.604017,1825266.0
2021-08-04 10:00:00,BMFBOVESPA:RDOR3,69.857625,69.857625,66.230769,67.446104,3941564.0
2021-08-05 10:00:00,BMFBOVESPA:RDOR3,67.943717,68.029839,66.508287,67.30256,2119430.0
2021-08-06 10:00:00,BMFBOVESPA:RDOR3,67.46524,67.513091,65.82885,66.881498,1857662.0
2021-08-09 10:00:00,BMFBOVESPA:RDOR3,66.699674,67.752329,66.07766,66.718817,2823643.0
2021-08-10 10:00:00,BMFBOVESPA:RDOR3,66.737954,67.637492,66.575273,66.929348,1880442.0
2021-08-11 10:00:00,BMFBOVESPA:RDOR3,67.111165,67.111165,65.493917,66.919777,2585804.0
2021-08-12 10:00:00,BMFBOVESPA:RDOR3,66.948484,70.41266,66.910205,70.336102,7384051.0
2021-08-13 10:00:00,BMFBOVESPA:RDOR3,69.857625,70.785871,69.120773,69.857625,3351569.0
2021-08-16 10:00:00,BMFBOVESPA:RDOR3,69.752359,70.728456,68.374344,69.857625,4983413.0
2021-08-17 10:00:00,BMFBOVESPA:RDOR3,70.336102,70.680606,67.733186,69.264311,4384324.0
2021-08-18 10:00:00,BMFBOVESPA:RDOR3,69.063351,70.948551,67.379118,70.221264,2817478.0
2021-08-19 10:00:00,BMFBOVESPA:RDOR3,69.092059,70.623191,68.958086,70.297823,2832524.0
2021-08-20 10:00:00,BMFBOVESPA:RDOR3,69.857625,72.498819,69.637522,72.441397,2176590.0
2021-08-23 10:00:00,BMFBOVESPA:RDOR3,72.240438,73.618453,72.21173,72.57537,3306635.0
2021-08-24 10:00:00,BMFBOVESPA:RDOR3,72.230873,73.972529,72.116037,72.967724,2360819.0
2021-08-25 10:00:00,BMFBOVESPA:RDOR3,72.240438,73.656732,71.88637,72.958153,3215721.0
2021-08-26 10:00:00,BMFBOVESPA:RDOR3,72.316996,73.206963,70.623191,71.331334,4431767.0
2021-08-27 10:00:00,BMFBOVESPA:RDOR3,71.541865,72.986861,70.642327,72.498819,4384429.0
2021-08-30 10:00:00,BMFBOVESPA:RDOR3,72.757194,72.757194,69.895904,70.144714,5809784.0
2021-08-31 10:00:00,BMFBOVESPA:RDOR3,66.986763,67.359974,65.857558,65.857558,68758176.00000001
2021-09-01 10:00:00,BMFBOVESPA:RDOR3,66.010673,66.345606,64.336004,65.072856,4527695.0
2021-09-02 10:00:00,BMFBOVESPA:RDOR3,65.493917,66.986763,65.072856,66.010673,5960994.0
2021-09-03 10:00:00,BMFBOVESPA:RDOR3,66.623124,66.843218,65.178122,65.551333,19061208.0
2021-09-06 10:00:00,BMFBOVESPA:RDOR3,65.742721,68.249942,65.742721,68.249942,6189008.0
2021-09-08 10:00:00,BMFBOVESPA:RDOR3,68.135105,68.182956,66.087225,66.986763,5674565.0
2021-09-09 10:00:00,BMFBOVESPA:RDOR3,66.852791,67.895867,65.752292,67.761894,4550686.0
2021-09-10 10:00:00,BMFBOVESPA:RDOR3,68.032677,68.236745,66.079445,66.079445,3125573.0
2021-09-13 10:00:00,BMFBOVESPA:RDOR3,67.24555,68.946124,66.264081,68.508836,4256309.0
2021-09-14 10:00:00,BMFBOVESPA:RDOR3,68.275617,69.325108,67.993806,68.314488,3364215.0
2021-09-15 10:00:00,BMFBOVESPA:RDOR3,68.654602,68.654602,67.002611,67.692565,2510399.0
2021-09-16 10:00:00,BMFBOVESPA:RDOR3,67.692565,69.17935,66.847134,67.954935,2724650.0
2021-09-17 10:00:00,BMFBOVESPA:RDOR3,67.867473,68.120132,66.312664,67.090073,15795105.0
2021-09-20 10:00:00,BMFBOVESPA:RDOR3,66.808262,66.895716,63.747227,65.787915,4187569.0
2021-09-21 10:00:00,BMFBOVESPA:RDOR3,65.671309,68.265897,65.496393,67.362163,2288636.0
2021-09-22 10:00:00,BMFBOVESPA:RDOR3,67.148375,67.342731,65.894809,66.895716,3798685.0
2021-09-23 10:00:00,BMFBOVESPA:RDOR3,67.051201,67.58567,65.846225,67.58567,2418092.0
2021-09-24 10:00:00,BMFBOVESPA:RDOR3,66.604194,67.430185,66.312664,67.099792,2184289.0
2021-09-27 10:00:00,BMFBOVESPA:RDOR3,67.420466,67.420466,64.932772,65.855938,2947032.0
2021-09-28 10:00:00,BMFBOVESPA:RDOR3,65.078537,65.486672,63.990166,64.806446,2316214.0
2021-09-29 10:00:00,BMFBOVESPA:RDOR3,64.738424,65.758763,64.291417,64.991075,1863322.0
2021-09-30 10:00:00,BMFBOVESPA:RDOR3,65.593567,66.322384,64.689833,65.991991,3196785.0
2021-10-01 10:00:00,BMFBOVESPA:RDOR3,65.991991,66.886005,65.438082,66.672217,1701452.0
2021-10-04 10:00:00,BMFBOVESPA:RDOR3,65.544976,65.972551,64.534356,65.204862,3387265.0
2021-10-05 10:00:00,BMFBOVESPA:RDOR3,65.204862,65.544976,64.252545,64.544068,2009656.0
2021-10-06 10:00:00,BMFBOVESPA:RDOR3,64.135932,65.399218,63.164175,65.13684,2869337.0
2021-10-07 10:00:00,BMFBOVESPA:RDOR3,64.408023,65.13684,63.659773,63.659773,1763814.0
2021-10-08 10:00:00,BMFBOVESPA:RDOR3,64.126212,65.778202,63.727796,64.602378,2076854.0
2021-10-11 10:00:00,BMFBOVESPA:RDOR3,64.067909,64.62181,62.892084,62.892084,1857560.0
2021-10-13 10:00:00,BMFBOVESPA:RDOR3,62.97954,64.612091,62.892084,64.184523,3535141.0
2021-10-14 10:00:00,BMFBOVESPA:RDOR3,64.223386,64.378871,63.154456,63.912425,1906647.0
2021-10-15 10:00:00,BMFBOVESPA:RDOR3,64.038758,65.020234,63.261349,63.834689,2293369.0
2021-10-18 10:00:00,BMFBOVESPA:RDOR3,63.183607,64.145651,62.833782,63.504288,1706804.0
2021-10-19 10:00:00,BMFBOVESPA:RDOR3,63.494569,63.494569,61.065181,61.793999,2412225.0
2021-10-20 10:00:00,BMFBOVESPA:RDOR3,61.803714,62.445077,61.269249,61.852306,1735205.0
2021-10-21 10:00:00,BMFBOVESPA:RDOR3,61.094333,61.104052,58.324828,59.520088,4693662.0
2021-10-22 10:00:00,BMFBOVESPA:RDOR3,58.363699,59.695004,56.361879,59.160539,4789057.0
2021-10-25 10:00:00,BMFBOVESPA:RDOR3,59.238278,61.463601,58.63579,61.220662,3084514.0
2021-10-26 10:00:00,BMFBOVESPA:RDOR3,60.7445,61.036029,58.013867,58.645505,3541625.0
2021-10-27 10:00:00,BMFBOVESPA:RDOR3,58.888445,60.064273,58.460874,58.898165,1555942.0
2021-10-28 10:00:00,BMFBOVESPA:RDOR3,58.626074,59.490936,57.285049,57.819514,2527276.0
2021-10-29 10:00:00,BMFBOVESPA:RDOR3,58.12076,58.791271,57.207307,57.333636,2929640.0
2021-11-01 10:00:00,BMFBOVESPA:RDOR3,56.818606,57.838949,56.604819,57.32392,3241343.0
2021-11-03 10:00:00,BMFBOVESPA:RDOR3,56.896345,60.929136,56.7603,60.540432,3056214.0
2021-11-04 10:00:00,BMFBOVESPA:RDOR3,59.879637,59.95738,55.584475,55.594191,5862165.0
2021-11-05 10:00:00,BMFBOVESPA:RDOR3,55.72052,57.625162,55.710805,55.982895,1817942.0
2021-11-08 10:00:00,BMFBOVESPA:RDOR3,55.623346,57.061545,54.92368,56.361879,1378531.0
2021-11-09 10:00:00,BMFBOVESPA:RDOR3,56.478489,57.926408,56.070353,56.293856,1611408.0
2021-11-10 10:00:00,BMFBOVESPA:RDOR3,56.381315,57.294765,55.914872,55.914872,1764532.0
2021-11-11 10:00:00,BMFBOVESPA:RDOR3,56.536796,57.537704,55.331817,56.352164,2132939.0
2021-11-12 10:00:00,BMFBOVESPA:RDOR3,56.225834,57.246178,55.030574,55.244357,1572819.0
2021-11-16 10:00:00,BMFBOVESPA:RDOR3,55.506733,55.759391,52.678921,53.155084,2351718.0
2021-11-17 10:00:00,BMFBOVESPA:RDOR3,53.932488,54.36006,52.708077,52.980167,2018814.0
2021-11-18 10:00:00,BMFBOVESPA:RDOR3,52.980167,54.972268,52.980167,53.203671,1921363.0
2021-11-19 10:00:00,BMFBOVESPA:RDOR3,52.902425,55.477581,52.902425,54.12684,2199415.0
2021-11-22 10:00:00,BMFBOVESPA:RDOR3,54.185143,54.612719,52.494288,52.494288,1716476.0
2021-11-23 10:00:00,BMFBOVESPA:RDOR3,52.737228,52.737228,50.696537,52.309657,1824218.0
2021-11-24 10:00:00,BMFBOVESPA:RDOR3,51.84321,52.193043,50.502188,50.677106,2543432.0
2021-11-25 10:00:00,BMFBOVESPA:RDOR3,50.764564,51.085241,49.899696,50.53134,2072943.0
2021-11-26 10:00:00,BMFBOVESPA:RDOR3,49.802523,51.483662,49.355516,49.355516,2228024.0
2021-11-29 10:00:00,BMFBOVESPA:RDOR3,49.753936,51.231006,49.433254,49.802523,1824116.0
2021-11-30 10:00:00,BMFBOVESPA:RDOR3,49.802523,50.181507,47.373131,48.753024,4524587.0
2021-12-01 10:00:00,BMFBOVESPA:RDOR3,49.102857,49.549868,46.216742,46.65403,3258837.0
2021-12-02 10:00:00,BMFBOVESPA:RDOR3,47.888161,47.888161,45.896061,47.266237,2668464.0
2021-12-03 10:00:00,BMFBOVESPA:RDOR3,46.887253,49.06399,46.887253,47.927033,2297178.0
2021-12-06 10:00:00,BMFBOVESPA:RDOR3,48.694721,48.704437,45.915497,46.38194,3657703.0
2021-12-07 10:00:00,BMFBOVESPA:RDOR3,46.673466,47.810423,46.158436,47.810423,2534787.0
2021-12-08 10:00:00,BMFBOVESPA:RDOR3,48.218559,48.442062,47.373131,48.160255,1569936.0
2021-12-09 10:00:00,BMFBOVESPA:RDOR3,46.712337,47.878445,46.498549,47.353696,1817117.0
2021-12-10 10:00:00,BMFBOVESPA:RDOR3,47.421718,48.801615,47.412003,48.801615,1646294.0
2021-12-13 10:00:00,BMFBOVESPA:RDOR3,48.850201,49.841394,47.567484,47.567484,2670007.0
2021-12-14 10:00:00,BMFBOVESPA:RDOR3,47.956183,48.500369,45.818323,45.993239,1847785.0
2021-12-15 10:00:00,BMFBOVESPA:RDOR3,46.070978,46.42081,45.011763,45.594815,3077722.0
2021-12-16 10:00:00,BMFBOVESPA:RDOR3,45.876625,46.692901,44.331532,44.671649,3203165.0
2021-12-17 10:00:00,BMFBOVESPA:RDOR3,44.603627,45.7503,43.048814,44.671649,6701366.0
2021-12-20 10:00:00,BMFBOVESPA:RDOR3,44.383785,44.899875,43.789793,44.013757,2145915.0
2021-12-21 10:00:00,BMFBOVESPA:RDOR3,44.013757,44.490895,43.585302,44.130607,1155318.0
2021-12-22 10:00:00,BMFBOVESPA:RDOR3,43.780054,44.276671,41.530681,41.628055,3534868.0
2021-12-23 10:00:00,BMFBOVESPA:RDOR3,41.628055,41.988343,41.189864,41.540417,2039729.0
2021-12-27 10:00:00,BMFBOVESPA:RDOR3,41.949396,43.760578,41.871493,43.546354,2820520.0
2021-12-28 10:00:00,BMFBOVESPA:RDOR3,43.624253,44.695387,43.40029,44.63696,2823601.0
2021-12-29 10:00:00,BMFBOVESPA:RDOR3,44.79276,45.016724,43.059476,43.186062,1992386.0
2021-12-30 10:00:00,BMFBOVESPA:RDOR3,44.072179,44.598008,43.332127,43.653468,9512446.0
2022-01-03 10:00:00,BMFBOVESPA:RDOR3,43.585302,44.247456,42.105197,42.825774,3084960.0
2022-01-04 10:00:00,BMFBOVESPA:RDOR3,42.825774,42.942623,41.384616,41.77412,1963119.0
2022-01-05 10:00:00,BMFBOVESPA:RDOR3,41.77412,41.813067,38.950226,38.950226,3781028.0
2022-01-06 10:00:00,BMFBOVESPA:RDOR3,39.008653,40.001885,38.132272,39.368941,9359020.0
2022-01-07 10:00:00,BMFBOVESPA:RDOR3,39.72923,40.52771,39.0476,40.079783,14358731.0
2022-01-10 10:00:00,BMFBOVESPA:RDOR3,39.923982,40.225847,38.015422,38.434137,2681163.0
2022-01-11 10:00:00,BMFBOVESPA:RDOR3,38.268597,40.001885,38.21991,39.73897,3091122.0
2022-01-12 10:00:00,BMFBOVESPA:RDOR3,39.758446,40.41086,39.17419,40.118734,3153355.0
2022-01-13 10:00:00,BMFBOVESPA:RDOR3,40.118734,42.309685,38.210174,40.313486,7835434.0
2022-01-14 10:00:00,BMFBOVESPA:RDOR3,40.449811,40.517974,38.473084,39.923982,3932913.0
2022-01-17 10:00:00,BMFBOVESPA:RDOR3,39.417629,39.641592,38.297812,38.550987,2086557.0
2022-01-18 10:00:00,BMFBOVESPA:RDOR3,38.414662,38.434137,36.671638,37.879097,3456203.0
2022-01-19 10:00:00,BMFBOVESPA:RDOR3,38.356235,39.758446,37.898568,39.086551,3040595.0
2022-01-20 10:00:00,BMFBOVESPA:RDOR3,39.32999,41.481989,39.125503,40.167421,3425393.0
2022-01-21 10:00:00,BMFBOVESPA:RDOR3,39.962933,41.053539,39.388418,40.702986,3123060.0
2022-01-24 10:00:00,BMFBOVESPA:RDOR3,41.150912,41.170388,39.086551,39.544218,2732100.0
2022-01-25 10:00:00,BMFBOVESPA:RDOR3,38.911275,41.608579,38.78469,41.150912,3418513.0
2022-01-26 10:00:00,BMFBOVESPA:RDOR3,41.871493,43.40029,41.569628,42.689448,4909443.0
2022-01-27 10:00:00,BMFBOVESPA:RDOR3,43.156851,43.293176,41.628055,42.854985,3209221.0
2022-01-28 10:00:00,BMFBOVESPA:RDOR3,41.715693,43.67294,41.686481,42.835514,2186171.0
2022-01-31 10:00:00,BMFBOVESPA:RDOR3,42.650497,43.809269,42.543384,43.156851,2420625.0
2022-02-01 10:00:00,BMFBOVESPA:RDOR3,43.526879,44.451948,42.407058,44.004017,3746009.0
2022-02-02 10:00:00,BMFBOVESPA:RDOR3,44.072179,46.02943,44.072179,44.393521,3119261.0
2022-02-03 10:00:00,BMFBOVESPA:RDOR3,44.383785,45.620451,44.159817,44.91935,3527575.0
2022-02-04 10:00:00,BMFBOVESPA:RDOR3,44.549322,44.899875,43.234753,44.52011,4025338.0
2022-02-07 10:00:00,BMFBOVESPA:RDOR3,44.617484,46.253394,44.150082,44.685646,3714481.0
2022-02-08 10:00:00,BMFBOVESPA:RDOR3,44.695387,45.269903,43.819005,44.63696,3085885.0
2022-02-09 10:00:00,BMFBOVESPA:RDOR3,45.727565,46.350768,45.084886,46.253394,3596176.0
2022-02-10 10:00:00,BMFBOVESPA:RDOR3,46.360508,46.847386,45.484126,46.331296,3728036.0
2022-02-11 10:00:00,BMFBOVESPA:RDOR3,46.720797,47.285576,45.912581,46.360508,3612401.0
2022-02-14 10:00:00,BMFBOVESPA:RDOR3,46.496833,46.983711,46.009955,46.496833,2483577.0
2022-02-15 10:00:00,BMFBOVESPA:RDOR3,47.246625,48.892271,46.691585,48.726734,4727466.0
2022-02-16 10:00:00,BMFBOVESPA:RDOR3,48.463819,49.53495,48.006153,49.213612,2771432.0
2022-02-17 10:00:00,BMFBOVESPA:RDOR3,49.077287,49.252563,48.269068,48.843584,2719262.0
2022-02-18 10:00:00,BMFBOVESPA:RDOR3,48.979909,49.048072,48.385918,48.716995,3257591.0
2022-02-21 10:00:00,BMFBOVESPA:RDOR3,49.048072,49.048072,47.314788,47.733503,1684199.0
2022-02-22 10:00:00,BMFBOVESPA:RDOR3,48.395657,50.051043,47.762714,49.661539,3365111.0
2022-02-23 10:00:00,BMFBOVESPA:RDOR3,49.788128,54.043439,48.775421,54.043439,5119043.0
2022-02-24 10:00:00,BMFBOVESPA:RDOR3,53.556561,54.306353,48.259332,49.904978,15871432.0
2022-02-25 10:00:00,BMFBOVESPA:RDOR3,49.184397,50.313953,48.493031,49.661539,12638691.0
2022-03-02 10:00:00,BMFBOVESPA:RDOR3,49.408364,51.258497,49.164925,50.52818,5817883.0
2022-03-03 10:00:00,BMFBOVESPA:RDOR3,49.778388,50.966371,49.116235,50.002351,6702911.0
2022-03-04 10:00:00,BMFBOVESPA:RDOR3,49.98288,50.08999,49.028596,49.953665,7478157.0
2022-03-07 10:00:00,BMFBOVESPA:RDOR3,48.970173,50.615819,48.317755,50.615819,9807590.0
2022-03-08 10:00:00,BMFBOVESPA:RDOR3,50.051043,50.92742,49.807604,50.323693,5460402.0
2022-03-09 10:00:00,BMFBOVESPA:RDOR3,50.576868,52.222517,50.284741,51.005323,4678789.0
2022-03-10 10:00:00,BMFBOVESPA:RDOR3,49.768653,50.576868,49.174661,49.924453,2367119.0
2022-03-11 10:00:00,BMFBOVESPA:RDOR3,50.187368,50.946896,49.272035,49.749177,2474539.0
2022-03-14 10:00:00,BMFBOVESPA:RDOR3,51.122172,51.122172,48.979909,49.048072,2215133.0
2022-03-15 10:00:00,BMFBOVESPA:RDOR3,48.85332,49.797864,48.317755,49.797864,4930084.0
2022-03-16 10:00:00,BMFBOVESPA:RDOR3,49.914713,51.024799,49.262299,50.64503,3561055.0
2022-03-17 10:00:00,BMFBOVESPA:RDOR3,50.557392,50.791095,49.788128,50.440542,3742312.0
2022-03-18 10:00:00,BMFBOVESPA:RDOR3,50.060779,51.32666,50.060779,50.537921,6348202.0
2022-03-21 10:00:00,BMFBOVESPA:RDOR3,50.93716,50.93716,49.388888,49.904978,2800904.0
2022-03-22 10:00:00,BMFBOVESPA:RDOR3,50.391856,51.131908,49.895242,50.917685,2943651.0
2022-03-23 10:00:00,BMFBOVESPA:RDOR3,50.693721,51.453249,50.255531,51.063746,1535188.0
2022-03-24 10:00:00,BMFBOVESPA:RDOR3,51.063746,52.115403,50.65477,51.054009,2450612.0
2022-03-25 10:00:00,BMFBOVESPA:RDOR3,51.355876,51.764851,50.830047,50.888469,2244400.0
2022-03-28 10:00:00,BMFBOVESPA:RDOR3,51.073485,51.200075,50.187368,50.255531,1452005.0
2022-03-29 10:00:00,BMFBOVESPA:RDOR3,51.599315,51.784326,49.846551,50.148417,3038439.0
2022-03-30 10:00:00,BMFBOVESPA:RDOR3,50.64503,50.65477,48.161954,48.473556,5606744.0
2022-03-31 10:00:00,BMFBOVESPA:RDOR3,48.200905,49.612852,48.200905,48.59041,2350793.0
2022-04-01 10:00:00,BMFBOVESPA:RDOR3,49.096252,49.720687,48.588897,49.301144,3416382.0
2022-04-04 10:00:00,BMFBOVESPA:RDOR3,49.26212,50.169499,48.930388,49.720687,2229724.0
2022-04-05 10:00:00,BMFBOVESPA:RDOR3,49.740201,49.740201,48.540114,48.676708,2126309.0
2022-04-06 10:00:00,BMFBOVESPA:RDOR3,48.188868,48.61817,46.842428,47.398569,4001511.0
2022-04-07 10:00:00,BMFBOVESPA:RDOR3,47.086348,47.310758,46.227752,46.422889,2345437.0
2022-04-08 10:00:00,BMFBOVESPA:RDOR3,45.92529,46.188723,44.978877,45.525261,1481732.0
2022-04-11 10:00:00,BMFBOVESPA:RDOR3,45.017906,45.017906,44.06174,44.315415,2486570.0
2022-04-12 10:00:00,BMFBOVESPA:RDOR3,44.881311,45.095962,43.44706,43.632441,3447333.0
2022-04-13 10:00:00,BMFBOVESPA:RDOR3,43.808065,44.139796,42.032326,42.861652,5290149.0
2022-04-14 10:00:00,BMFBOVESPA:RDOR3,42.617732,42.910436,40.998102,41.437159,3334593.0
2022-04-18 10:00:00,BMFBOVESPA:RDOR3,41.007858,41.837189,40.82248,41.407887,4300277.0
2022-04-19 10:00:00,BMFBOVESPA:RDOR3,40.93956,41.983539,40.802966,41.55424,2492924.0
2022-04-20 10:00:00,BMFBOVESPA:RDOR3,41.55424,42.149406,40.500503,40.588314,2788204.0
2022-04-22 10:00:00,BMFBOVESPA:RDOR3,39.798016,40.256583,38.666226,39.31993,2928005.0
2022-04-25 10:00:00,BMFBOVESPA:RDOR3,38.83209,40.383422,38.715009,39.837044,4248826.0
2022-04-26 10:00:00,BMFBOVESPA:RDOR3,38.763793,39.271147,38.032033,38.705251,4359006.0
2022-04-27 10:00:00,BMFBOVESPA:RDOR3,38.607685,39.212606,38.422306,38.539387,4650496.0
2022-04-28 10:00:00,BMFBOVESPA:RDOR3,38.10033,38.519873,37.651517,37.719815,5295173.0
2022-04-29 10:00:00,BMFBOVESPA:RDOR3,38.236925,38.705251,35.690401,35.836751,12937735.0
2022-05-02 10:00:00,BMFBOVESPA:RDOR3,35.261099,35.856265,34.392744,35.056207,3522359.0
2022-05-03 10:00:00,BMFBOVESPA:RDOR3,34.97815,36.129455,34.324446,35.017179,3534864.0
2022-05-04 10:00:00,BMFBOVESPA:RDOR3,34.773258,36.831946,34.070767,36.539242,6485726.0
2022-05-05 10:00:00,BMFBOVESPA:RDOR3,36.431917,36.441671,34.00247,34.763504,4484968.0
2022-05-06 10:00:00,BMFBOVESPA:RDOR3,34.685447,34.685447,33.504875,34.012229,3687987.0
2022-05-09 10:00:00,BMFBOVESPA:RDOR3,33.456092,34.334202,33.173143,33.592686,2341234.0
2022-05-10 10:00:00,BMFBOVESPA:RDOR3,33.875634,34.578122,32.685303,32.841412,3220519.0
2022-05-11 10:00:00,BMFBOVESPA:RDOR3,32.685303,32.685303,30.792481,31.07543,4528426.0
2022-05-12 10:00:00,BMFBOVESPA:RDOR3,30.694913,32.470652,30.46075,31.612056,7736648.0
2022-05-13 10:00:00,BMFBOVESPA:RDOR3,30.977862,32.256004,30.616859,31.904759,6106915.0
2022-05-16 10:00:00,BMFBOVESPA:RDOR3,32.129165,32.26576,31.329108,32.051108,1929522.0
2022-05-17 10:00:00,BMFBOVESPA:RDOR3,32.353571,33.143874,32.295029,32.987765,3972404.0
2022-05-18 10:00:00,BMFBOVESPA:RDOR3,32.987765,32.987765,31.904759,32.099896,5125445.0
2022-05-19 10:00:00,BMFBOVESPA:RDOR3,32.119406,32.363326,31.641324,32.216976,4425421.0
2022-05-20 10:00:00,BMFBOVESPA:RDOR3,32.548708,33.339007,32.080382,33.212171,3987469.0
2022-05-23 10:00:00,BMFBOVESPA:RDOR3,33.417063,33.73904,31.895,32.617005,3522871.0
2022-05-24 10:00:00,BMFBOVESPA:RDOR3,32.529194,33.553658,31.895,32.997521,6184090.0
2022-05-25 10:00:00,BMFBOVESPA:RDOR3,32.734086,34.870829,32.548708,34.139069,7677099.0
2022-05-26 10:00:00,BMFBOVESPA:RDOR3,34.178093,36.753889,33.953687,36.227025,7187184.0
2022-05-27 10:00:00,BMFBOVESPA:RDOR3,36.197751,37.066111,35.573317,36.490459,3398137.0
2022-05-30 10:00:00,BMFBOVESPA:RDOR3,36.822191,37.046596,35.202561,35.670887,2731013.0
2022-05-31 10:00:00,BMFBOVESPA:RDOR3,35.84651,36.324592,34.948882,34.948882,8448253.0
2022-06-01 10:00:00,BMFBOVESPA:RDOR3,34.948882,36.363619,34.441527,34.441527,3939400.0
2022-06-02 10:00:00,BMFBOVESPA:RDOR3,34.763504,35.436722,34.265905,34.695206,3246756.0
2022-06-03 10:00:00,BMFBOVESPA:RDOR3,34.685447,34.685447,33.095087,33.163388,2619810.0
2022-06-06 10:00:00,BMFBOVESPA:RDOR3,33.563417,33.787823,32.129165,32.324302,3455533.0
2022-06-07 10:00:00,BMFBOVESPA:RDOR3,32.197462,32.909709,32.02184,32.490166,4106566.0
2022-06-08 10:00:00,BMFBOVESPA:RDOR3,32.158434,33.465846,32.02184,32.538949,4004279.0
2022-06-09 10:00:00,BMFBOVESPA:RDOR3,32.373085,33.73904,32.041354,33.173143,3936943.0
2022-06-10 10:00:00,BMFBOVESPA:RDOR3,32.402354,33.104845,31.895,32.3926,2694936.0
2022-06-13 10:00:00,BMFBOVESPA:RDOR3,31.855976,32.02184,30.89005,31.241295,3678865.0
2022-06-14 10:00:00,BMFBOVESPA:RDOR3,31.19251,31.319348,30.411967,31.172999,4994357.0
2022-06-15 10:00:00,BMFBOVESPA:RDOR3,31.465702,32.314543,30.733941,30.929079,8269403.0
2022-06-17 10:00:00,BMFBOVESPA:RDOR3,30.470508,30.470508,29.211881,29.407015,10196059.0
2022-06-20 10:00:00,BMFBOVESPA:RDOR3,29.563124,29.91437,28.685012,28.928932,2701394.0
2022-06-21 10:00:00,BMFBOVESPA:RDOR3,28.919174,29.97291,28.694769,29.533854,5266988.0
2022-06-22 10:00:00,BMFBOVESPA:RDOR3,29.309449,29.875343,28.655743,29.192366,4179131.0
2022-06-23 10:00:00,BMFBOVESPA:RDOR3,29.124068,30.148533,28.763066,28.880148,3095477.0
2022-06-24 10:00:00,BMFBOVESPA:RDOR3,29.211881,29.211881,28.519146,28.880148,2308847.0
2022-06-27 10:00:00,BMFBOVESPA:RDOR3,28.78258,29.660693,28.694769,28.694769,1969085.0
2022-06-28 10:00:00,BMFBOVESPA:RDOR3,28.792337,28.909418,27.34833,27.602007,3890204.0
2022-06-29 10:00:00,BMFBOVESPA:RDOR3,27.806899,28.928932,27.602007,28.382551,5257967.0
2022-06-30 10:00:00,BMFBOVESPA:RDOR3,27.689817,28.636228,27.562979,28.275226,3067600.0
2022-07-01 10:00:00,BMFBOVESPA:RDOR3,27.865439,28.05082,27.094652,27.982522,4112921.0
2022-07-04 10:00:00,BMFBOVESPA:RDOR3,27.845928,29.153338,27.523951,28.167902,1877865.0
2022-07-05 10:00:00,BMFBOVESPA:RDOR3,27.845928,28.567931,27.397114,28.411822,3171219.0
2022-07-06 10:00:00,BMFBOVESPA:RDOR3,28.002037,29.592395,27.621519,29.172852,2808600.0
2022-07-07 10:00:00,BMFBOVESPA:RDOR3,29.57549,29.7028,28.537408,29.506935,2873826.0
2022-07-08 10:00:00,BMFBOVESPA:RDOR3,29.67342,29.996596,28.85079,29.203347,3807740.0
2022-07-11 10:00:00,BMFBOVESPA:RDOR3,28.684308,29.497144,28.01837,28.547202,3053134.0
2022-07-12 10:00:00,BMFBOVESPA:RDOR3,28.556995,29.42859,28.194647,28.860583,3779556.0
2022-07-13 10:00:00,BMFBOVESPA:RDOR3,28.547202,28.556995,27.567881,27.616848,4146443.0
2022-07-14 10:00:00,BMFBOVESPA:RDOR3,27.420983,27.420983,26.520008,26.950909,4795464.0
2022-07-15 10:00:00,BMFBOVESPA:RDOR3,26.852977,27.029255,26.157658,26.157658,3503140.0
2022-07-18 10:00:00,BMFBOVESPA:RDOR3,26.304558,26.843184,25.217511,25.462341,4493418.0
2022-07-19 10:00:00,BMFBOVESPA:RDOR3,25.667998,26.735457,25.481928,26.451455,3758420.0
2022-07-20 10:00:00,BMFBOVESPA:RDOR3,26.206625,28.028163,26.167451,27.734366,4450634.0
2022-07-21 10:00:00,BMFBOVESPA:RDOR3,27.577674,30.16308,26.921529,29.898665,12533787.0
2022-07-22 10:00:00,BMFBOVESPA:RDOR3,29.67342,30.584189,29.438383,29.624455,9459922.0
2022-07-25 10:00:00,BMFBOVESPA:RDOR3,30.848606,31.142401,30.016183,30.241426,6390652.0
2022-07-26 10:00:00,BMFBOVESPA:RDOR3,30.40791,30.505843,29.125001,29.438383,3515801.0
2022-07-27 10:00:00,BMFBOVESPA:RDOR3,29.487351,30.476465,29.487351,30.319771,6673807.0
2022-07-28 10:00:00,BMFBOVESPA:RDOR3,30.329565,31.044471,29.790939,30.740879,2067554.0
2022-07-29 10:00:00,BMFBOVESPA:RDOR3,30.838812,32.043378,30.652741,31.7202,6028973.0
2022-08-01 10:00:00,BMFBOVESPA:RDOR3,31.837718,32.278413,31.210955,31.47537,3345888.0
2022-08-02 10:00:00,BMFBOVESPA:RDOR3,31.47537,32.768074,31.37744,32.219657,6234319.0
2022-08-03 10:00:00,BMFBOVESPA:RDOR3,32.278413,33.336082,32.249034,32.435104,3014740.0
2022-08-04 10:00:00,BMFBOVESPA:RDOR3,32.748487,34.43292,32.611382,33.815947,4550090.0
2022-08-05 10:00:00,BMFBOVESPA:RDOR3,33.825742,34.168502,32.748487,33.042286,5536795.0
2022-08-08 10:00:00,BMFBOVESPA:RDOR3,33.238148,35.833349,33.091251,35.226171,8078556.0
2022-08-09 10:00:00,BMFBOVESPA:RDOR3,35.235963,35.333897,33.473185,34.050985,2870762.0
2022-08-10 10:00:00,BMFBOVESPA:RDOR3,35.206584,35.980249,34.550437,34.951959,2896598.0
2022-08-11 10:00:00,BMFBOVESPA:RDOR3,34.961754,36.068388,33.600498,33.972638,3421860.0
2022-08-12 10:00:00,BMFBOVESPA:RDOR3,34.481885,36.13694,34.325194,35.519966,4460640.0
2022-08-15 10:00:00,BMFBOVESPA:RDOR3,35.245758,38.193512,35.245758,38.193512,11111066.0
2022-08-16 10:00:00,BMFBOVESPA:RDOR3,37.214191,37.537369,35.852936,36.675566,8946198.0
2022-08-17 10:00:00,BMFBOVESPA:RDOR3,36.724531,36.969361,35.049893,35.108649,7046718.0
2022-08-18 10:00:00,BMFBOVESPA:RDOR3,35.226171,35.627692,34.050985,35.059684,3386018.0
2022-08-19 10:00:00,BMFBOVESPA:RDOR3,34.932372,34.932372,33.786568,34.109746,4674972.0
2022-08-22 10:00:00,BMFBOVESPA:RDOR3,33.590703,33.992225,32.866008,33.032491,3209262.0
2022-08-23 10:00:00,BMFBOVESPA:RDOR3,33.238148,33.845328,32.621177,33.473185,2556668.0
2022-08-24 10:00:00,BMFBOVESPA:RDOR3,33.492773,34.413332,33.169595,33.982433,3162903.0
2022-08-25 10:00:00,BMFBOVESPA:RDOR3,33.943259,34.501472,33.561324,33.737603,9433475.0
2022-08-26 10:00:00,BMFBOVESPA:RDOR3,33.904086,34.403541,32.405726,32.768074,2633661.0
2022-08-29 10:00:00,BMFBOVESPA:RDOR3,32.68973,33.306699,32.356761,32.376347,2055606.0
2022-08-30 10:00:00,BMFBOVESPA:RDOR3,32.356761,33.081456,32.249034,32.317587,3419000.0
2022-08-31 10:00:00,BMFBOVESPA:RDOR3,32.807247,33.61029,32.239239,32.640765,4669050.0
2022-09-01 10:00:00,BMFBOVESPA:RDOR3,32.709317,33.933468,32.493865,33.355668,6419038.0
2022-09-02 10:00:00,BMFBOVESPA:RDOR3,33.267529,34.49168,32.826834,33.296908,7989617.0
2022-09-05 10:00:00,BMFBOVESPA:RDOR3,33.512359,35.353479,33.512359,34.24685,3264200.0
2022-09-06 10:00:00,BMFBOVESPA:RDOR3,33.982433,34.109746,32.758282,32.817039,4551725.0
2022-09-08 10:00:00,BMFBOVESPA:RDOR3,32.93456,32.93456,31.80834,32.562417,2237058.0
2022-09-09 10:00:00,BMFBOVESPA:RDOR3,32.924765,34.178298,32.895386,33.385047,3388774.0
2022-09-12 10:00:00,BMFBOVESPA:RDOR3,33.845328,34.452506,33.571117,33.982433,3111542.0
2022-09-13 10:00:00,BMFBOVESPA:RDOR3,33.003112,33.140216,32.180483,32.562417,4417141.0
2022-09-14 10:00:00,BMFBOVESPA:RDOR3,32.464487,32.954147,32.298001,32.503657,1756215.0
2022-09-15 10:00:00,BMFBOVESPA:RDOR3,32.317587,32.709317,31.073849,31.426405,3692863.0
2022-09-16 10:00:00,BMFBOVESPA:RDOR3,31.142401,31.876892,30.652741,31.632061,5273960.0
2022-09-19 10:00:00,BMFBOVESPA:RDOR3,31.494957,32.513452,31.387231,32.513452,2778250.0
2022-09-20 10:00:00,BMFBOVESPA:RDOR3,32.513452,33.541738,32.405726,33.355668,5131207.0
2022-09-21 10:00:00,BMFBOVESPA:RDOR3,33.590703,34.168502,33.032491,33.473185,4995604.0
2022-09-22 10:00:00,BMFBOVESPA:RDOR3,34.195911,34.726539,32.977438,34.441572,5407160.0
2022-09-23 10:00:00,BMFBOVESPA:RDOR3,33.616153,34.245042,33.419624,33.851989,2348465.0
2022-09-26 10:00:00,BMFBOVESPA:RDOR3,33.783204,33.969905,32.004623,32.063582,3604163.0
2022-09-27 10:00:00,BMFBOVESPA:RDOR3,32.328896,32.839866,30.520833,30.687883,6428286.0
2022-09-28 10:00:00,BMFBOVESPA:RDOR3,30.648579,30.923716,29.891944,30.265347,4922853.0
2022-09-29 10:00:00,BMFBOVESPA:RDOR3,29.665938,29.665938,27.720306,29.331839,10546879.0
2022-09-30 10:00:00,BMFBOVESPA:RDOR3,28.771734,29.65611,28.457287,29.204094,6334864.0
2022-10-03 10:00:00,BMFBOVESPA:RDOR3,29.774026,31.21851,29.774026,30.756667,6971109.0
2022-10-04 10:00:00,BMFBOVESPA:RDOR3,31.935838,32.132367,30.619099,31.021981,4585497.0
2022-10-05 10:00:00,BMFBOVESPA:RDOR3,31.257814,31.257814,30.226042,31.130072,5142974.0
2022-10-06 10:00:00,BMFBOVESPA:RDOR3,31.493648,32.407505,31.336426,31.817922,5536302.0
2022-10-07 10:00:00,BMFBOVESPA:RDOR3,31.621393,31.817922,30.481529,30.638751,3166974.0
2022-10-10 10:00:00,BMFBOVESPA:RDOR3,31.012154,31.493648,30.501183,30.69771,3603960.0
2022-10-11 10:00:00,BMFBOVESPA:RDOR3,30.609272,31.002328,29.41045,29.54802,7942878.0
2022-10-13 10:00:00,BMFBOVESPA:RDOR3,29.380971,29.803506,28.496594,29.371143,8777771.0
2022-10-14 10:00:00,BMFBOVESPA:RDOR3,29.380971,29.715069,28.074058,28.231281,5291146.0
2022-10-17 10:00:00,BMFBOVESPA:RDOR3,28.496594,28.634162,28.201802,28.339371,3108967.0
2022-10-18 10:00:00,BMFBOVESPA:RDOR3,28.653816,29.263055,28.368851,28.958434,6592232.0
2022-10-19 10:00:00,BMFBOVESPA:RDOR3,29.16479,29.469408,28.476941,29.184443,9187687.0
2022-10-20 10:00:00,BMFBOVESPA:RDOR3,29.764202,29.764202,28.437636,28.958434,6253959.0
2022-10-21 10:00:00,BMFBOVESPA:RDOR3,28.702947,29.950903,28.467113,29.626631,9771419.0
2022-10-24 10:00:00,BMFBOVESPA:RDOR3,29.803506,29.882118,28.899477,28.899477,5827558.0
2022-10-25 10:00:00,BMFBOVESPA:RDOR3,28.958434,29.528366,28.250933,28.594858,8426574.0
2022-10-26 10:00:00,BMFBOVESPA:RDOR3,28.29024,28.50642,27.337077,27.454995,6519774.0
2022-10-27 10:00:00,BMFBOVESPA:RDOR3,27.759613,29.901771,27.415688,28.663643,7907361.0
2022-10-28 10:00:00,BMFBOVESPA:RDOR3,28.319718,29.872291,28.319718,29.872291,4075851.0
2022-10-31 10:00:00,BMFBOVESPA:RDOR3,29.626631,31.827746,29.007567,31.611564,7967404.0
2022-11-01 10:00:00,BMFBOVESPA:RDOR3,30.953197,33.21327,30.825454,32.702297,7083459.0
2022-11-03 10:00:00,BMFBOVESPA:RDOR3,31.650871,33.291883,31.562433,32.771081,7436691.0
2022-11-04 10:00:00,BMFBOVESPA:RDOR3,33.35084,33.832335,32.613859,32.72195,3895724.0
2022-11-07 10:00:00,BMFBOVESPA:RDOR3,32.132367,33.144486,31.994797,32.132367,8874042.0
2022-11-08 10:00:00,BMFBOVESPA:RDOR3,32.15202,32.908654,31.680353,32.0341,6762793.0
2022-11-09 10:00:00,BMFBOVESPA:RDOR3,31.641046,32.309242,31.552609,31.739308,6967242.0
2022-11-10 10:00:00,BMFBOVESPA:RDOR3,31.454342,33.950251,31.100593,31.641046,18957377.0
2022-11-11 10:00:00,BMFBOVESPA:RDOR3,31.975144,32.240457,30.412745,30.69771,8607413.0
2022-11-14 10:00:00,BMFBOVESPA:RDOR3,30.933544,31.552609,30.019686,30.953197,7272338.0
2022-11-16 10:00:00,BMFBOVESPA:RDOR3,30.56014,30.864759,28.771734,29.322012,8601816.0
2022-11-17 10:00:00,BMFBOVESPA:RDOR3,28.624336,29.194268,27.720306,28.978088,7455518.0
2022-11-18 10:00:00,BMFBOVESPA:RDOR3,29.282706,30.363612,27.916835,28.054404,4563312.0
2022-11-21 10:00:00,BMFBOVESPA:RDOR3,28.015099,28.860172,27.926662,28.319718,3228542.0
2022-11-22 10:00:00,BMFBOVESPA:RDOR3,28.575205,29.066526,27.425515,27.828398,4378504.0
2022-11-23 10:00:00,BMFBOVESPA:RDOR3,27.710482,29.184443,27.238812,28.820865,7917640.0
2022-11-24 10:00:00,BMFBOVESPA:RDOR3,28.978088,31.139899,28.909303,30.815628,3310465.0
2022-11-25 10:00:00,BMFBOVESPA:RDOR3,30.373438,30.589618,28.624336,29.125483,5149488.0
2022-11-28 10:00:00,BMFBOVESPA:RDOR3,29.056699,29.341666,28.673469,28.742254,1896317.0
2022-11-29 10:00:00,BMFBOVESPA:RDOR3,28.791385,30.579794,28.388502,29.705242,6005649.0
2022-11-30 10:00:00,BMFBOVESPA:RDOR3,29.606977,30.786148,29.105832,30.520833,5271098.0
2022-12-01 10:00:00,BMFBOVESPA:RDOR3,30.176909,30.717363,29.194268,29.774026,3786731.0
2022-12-02 10:00:00,BMFBOVESPA:RDOR3,29.931249,32.073406,29.783853,30.176909,3393302.0
2022-12-05 10:00:00,BMFBOVESPA:RDOR3,29.960729,30.019686,28.50642,28.663643,3005368.0
2022-12-06 10:00:00,BMFBOVESPA:RDOR3,28.791385,28.987914,27.907009,28.417982,2700476.0
2022-12-07 10:00:00,BMFBOVESPA:RDOR3,28.280414,28.869996,28.005273,28.113365,2034414.0
2022-12-08 10:00:00,BMFBOVESPA:RDOR3,27.612217,27.867704,27.14055,27.268292,3784187.0
2022-12-09 10:00:00,BMFBOVESPA:RDOR3,27.179854,27.307599,25.951553,25.951553,2969140.0
2022-12-12 10:00:00,BMFBOVESPA:RDOR3,25.833637,26.118602,24.516898,24.86082,4955826.0
2022-12-13 10:00:00,BMFBOVESPA:RDOR3,24.919781,25.263703,23.819222,23.878179,5923524.0
2022-12-14 10:00:00,BMFBOVESPA:RDOR3,23.583388,25.509364,22.983976,25.027869,11326106.0
2022-12-15 10:00:00,BMFBOVESPA:RDOR3,24.566029,25.853288,24.320369,25.450406,5122927.0
2022-12-16 10:00:00,BMFBOVESPA:RDOR3,25.391448,25.597801,24.438287,24.497244,5759985.0
2022-12-19 10:00:00,BMFBOVESPA:RDOR3,24.61516,26.049817,24.487418,25.745199,6490160.0
2022-12-20 10:00:00,BMFBOVESPA:RDOR3,25.676397,27.894128,25.607402,27.076031,4855536.0
2022-12-21 10:00:00,BMFBOVESPA:RDOR3,27.066175,29.185342,27.066175,28.288393,10376415.0
2022-12-22 10:00:00,BMFBOVESPA:RDOR3,28.327818,28.938928,27.608288,27.805419,3128974.0
2022-12-23 10:00:00,BMFBOVESPA:RDOR3,27.963126,29.835876,27.923699,28.781222,10916358.0
2022-12-26 10:00:00,BMFBOVESPA:RDOR3,28.722081,29.500752,28.229252,29.412042,19947176.0
2022-12-27 10:00:00,BMFBOVESPA:RDOR3,29.01778,30.033006,28.386957,29.628886,10115776.0
2022-12-28 10:00:00,BMFBOVESPA:RDOR3,29.796449,30.732825,29.21491,29.796449,7475816.0
2022-12-29 10:00:00,BMFBOVESPA:RDOR3,29.904872,30.604688,28.357388,29.155771,6645000.0
2023-01-02 10:00:00,BMFBOVESPA:RDOR3,28.791077,28.968495,26.612773,26.691626,4250154.0
2023-01-03 10:00:00,BMFBOVESPA:RDOR3,26.612773,27.174598,24.966724,25.370844,5097608.0
2023-01-04 10:00:00,BMFBOVESPA:RDOR3,25.341273,26.543777,25.183568,25.765106,5054692.0
2023-01-05 10:00:00,BMFBOVESPA:RDOR3,25.735538,27.37173,25.627115,27.253451,7519035.0
2023-01-06 10:00:00,BMFBOVESPA:RDOR3,27.194311,28.051833,26.62263,27.539293,4049881.0
2023-01-09 10:00:00,BMFBOVESPA:RDOR3,27.34216,27.844846,26.898615,27.046464,4116233.0
2023-01-10 10:00:00,BMFBOVESPA:RDOR3,26.514207,27.145029,26.179082,26.711339,5560648.0
2023-01-11 10:00:00,BMFBOVESPA:RDOR3,26.681769,27.125315,25.893242,27.007036,7619577.0
2023-01-12 10:00:00,BMFBOVESPA:RDOR3,27.007036,27.095746,26.159371,26.464924,4372508.0
2023-01-13 10:00:00,BMFBOVESPA:RDOR3,25.853816,26.169226,25.696111,25.922811,2476516.0
2023-01-16 10:00:00,BMFBOVESPA:RDOR3,25.725681,26.090373,25.508835,25.755249,3405033.0
2023-01-17 10:00:00,BMFBOVESPA:RDOR3,25.824247,28.06169,25.696111,27.844846,7300602.0
2023-01-18 10:00:00,BMFBOVESPA:RDOR3,28.032122,28.347532,27.105602,27.401299,4495370.0
2023-01-19 10:00:00,BMFBOVESPA:RDOR3,26.957753,29.471182,26.878901,29.096632,5524327.0
2023-01-20 10:00:00,BMFBOVESPA:RDOR3,28.564376,28.593946,27.588575,27.825133,9009815.0
2023-01-23 10:00:00,BMFBOVESPA:RDOR3,27.805419,28.308104,27.115459,27.943412,3789446.0
2023-01-24 10:00:00,BMFBOVESPA:RDOR3,28.170113,28.46581,27.519579,28.396813,3340609.0
2023-01-25 10:00:00,BMFBOVESPA:RDOR3,28.317962,29.451468,27.263307,29.175485,4381843.0
2023-01-26 10:00:00,BMFBOVESPA:RDOR3,29.244481,29.727453,28.692513,29.264195,4274198.0
2023-01-27 10:00:00,BMFBOVESPA:RDOR3,29.185342,30.210426,29.175485,29.934442,6176176.0
2023-01-30 10:00:00,BMFBOVESPA:RDOR3,29.993581,30.407557,29.757024,29.954154,6775877.0
2023-01-31 10:00:00,BMFBOVESPA:RDOR3,29.964011,31.718483,29.826019,31.442499,5875970.0
2023-02-01 10:00:00,BMFBOVESPA:RDOR3,31.491782,32.122603,30.782107,31.442499,8074400.0
2023-02-02 10:00:00,BMFBOVESPA:RDOR3,31.215797,31.994466,29.973868,30.545549,9399403.0
2023-02-03 10:00:00,BMFBOVESPA:RDOR3,30.121715,30.299135,29.037491,29.136057,4035475.0
2023-02-06 10:00:00,BMFBOVESPA:RDOR3,29.047348,29.234624,28.61366,28.8995,2145266.0
2023-02-07 10:00:00,BMFBOVESPA:RDOR3,28.978353,29.096632,28.09126,28.327818,3235502.0
2023-02-08 10:00:00,BMFBOVESPA:RDOR3,28.396813,28.722081,27.194311,28.219395,5521791.0
2023-02-09 10:00:00,BMFBOVESPA:RDOR3,28.20954,28.485524,27.509722,27.696997,2565391.0
2023-02-10 10:00:00,BMFBOVESPA:RDOR3,27.598431,28.150399,27.499865,27.953269,2244591.0
2023-02-13 10:00:00,BMFBOVESPA:RDOR3,27.923699,28.071547,27.154884,27.795564,2323826.0
2023-02-14 10:00:00,BMFBOVESPA:RDOR3,27.74628,27.992695,26.484638,26.770478,5644552.0
2023-02-15 10:00:00,BMFBOVESPA:RDOR3,26.59306,28.603803,26.287506,27.834989,5927815.0
2023-02-16 10:00:00,BMFBOVESPA:RDOR3,27.480151,29.027637,27.066175,28.653086,6047734.0
2023-02-17 10:00:00,BMFBOVESPA:RDOR3,28.377102,28.909357,28.189826,28.593946,1939414.0
2023-02-22 13:00:00,BMFBOVESPA:RDOR3,27.214026,27.795564,26.829617,27.647713,3480313.0
2023-02-23 10:00:00,BMFBOVESPA:RDOR3,27.549149,28.268679,27.115459,27.263307,3185079.0
2023-02-24 10:00:00,BMFBOVESPA:RDOR3,27.095746,27.361873,25.912957,26.474782,4452861.0
2023-02-27 10:00:00,BMFBOVESPA:RDOR3,26.573346,26.859188,25.972095,26.119944,3192383.0
2023-02-28 10:00:00,BMFBOVESPA:RDOR3,26.1298,26.573346,25.114572,25.183568,12499767.0
2023-03-01 10:00:00,BMFBOVESPA:RDOR3,25.370844,25.370844,23.793789,24.286619,8271121.0
2023-03-02 10:00:00,BMFBOVESPA:RDOR3,24.138771,24.266907,23.340388,23.340388,5677423.0
2023-03-03 10:00:00,BMFBOVESPA:RDOR3,23.41924,23.616371,22.739136,22.778563,6031096.0
2023-03-06 10:00:00,BMFBOVESPA:RDOR3,23.054546,23.586802,22.601144,23.261535,6818691.0
2023-03-07 10:00:00,BMFBOVESPA:RDOR3,23.261535,23.488236,22.867273,23.162969,4548939.0
2023-03-08 10:00:00,BMFBOVESPA:RDOR3,23.291104,24.917442,23.143256,24.542891,12521377.0
2023-03-09 10:00:00,BMFBOVESPA:RDOR3,24.533033,25.222995,24.020493,24.207766,6468874.0
2023-03-10 10:00:00,BMFBOVESPA:RDOR3,24.030347,24.069775,22.867273,23.005264,4101624.0
2023-03-13 10:00:00,BMFBOVESPA:RDOR3,22.857416,23.744507,22.26602,23.310818,4179034.0
2023-03-14 10:00:00,BMFBOVESPA:RDOR3,23.458666,23.813504,21.871758,22.128029,14029202.0
2023-03-15 10:00:00,BMFBOVESPA:RDOR3,21.83233,23.714937,21.763334,23.429097,9756321.0
2023-03-16 10:00:00,BMFBOVESPA:RDOR3,23.537518,23.59666,22.542005,22.916555,6775877.0
2023-03-17 10:00:00,BMFBOVESPA:RDOR3,22.689853,22.748993,21.122657,21.664769,13729605.0
2023-03-20 10:00:00,BMFBOVESPA:RDOR3,21.526776,21.802762,20.876242,21.23108,3539360.0
2023-03-21 10:00:00,BMFBOVESPA:RDOR3,21.181796,21.704195,20.964951,21.300076,2771953.0
2023-03-22 10:00:00,BMFBOVESPA:RDOR3,21.359215,21.625343,20.836815,20.955095,3557926.0
2023-03-23 10:00:00,BMFBOVESPA:RDOR3,21.043804,21.043804,20.235565,20.452409,4097768.0
2023-03-24 10:00:00,BMFBOVESPA:RDOR3,20.403127,21.033947,20.215851,20.797389,6122709.0
2023-03-27 10:00:00,BMFBOVESPA:RDOR3,21.053661,21.526776,20.403127,20.718537,8208320.0
2023-03-28 10:00:00,BMFBOVESPA:RDOR3,19.328759,21.23108,19.072487,19.713165,35245885.99999999
2023-03-29 10:00:00,BMFBOVESPA:RDOR3,19.723022,20.255276,19.525889,20.127142,10115676.0
2023-03-30 10:00:00,BMFBOVESPA:RDOR3,20.698823,21.960467,20.560832,21.930896,9191725.0
2023-03-31 10:00:00,BMFBOVESPA:RDOR3,21.930896,22.049176,20.629827,20.935381,7425595.0
2023-04-03 10:00:00,BMFBOVESPA:RDOR3,21.024091,21.1128,20.403127,20.560832,2565797.0
2023-04-04 10:00:00,BMFBOVESPA:RDOR3,20.688967,21.605629,20.688967,21.497206,7270267.0
2023-04-05 10:00:00,BMFBOVESPA:RDOR3,21.369071,21.930896,21.014234,21.290218,6661841.0
2023-04-06 10:00:00,BMFBOVESPA:RDOR3,21.053661,21.704195,20.905811,21.576058,4313766.0
2023-04-10 10:00:00,BMFBOVESPA:RDOR3,21.871758,22.187167,21.063518,21.063518,4301388.0
2023-04-11 10:00:00,BMFBOVESPA:RDOR3,21.674625,23.024978,21.556347,23.024978,8611300.0
2023-04-12 10:00:00,BMFBOVESPA:RDOR3,23.064403,24.434469,22.946125,23.360102,9338631.0
2023-04-13 10:00:00,BMFBOVESPA:RDOR3,23.409384,23.724794,22.719422,23.261535,3612204.0
2023-04-14 10:00:00,BMFBOVESPA:RDOR3,22.482864,22.482864,21.132514,21.8619,13221822.0
2023-04-17 10:00:00,BMFBOVESPA:RDOR3,21.891469,22.236449,21.438067,21.684482,11340745.0
2023-04-18 10:00:00,BMFBOVESPA:RDOR3,21.822473,22.886984,21.822473,22.443439,11443620.0
2023-04-19 10:00:00,BMFBOVESPA:RDOR3,22.137884,22.660283,21.438067,21.871758,12070004.0
2023-04-20 10:00:00,BMFBOVESPA:RDOR3,21.704195,22.817989,21.704195,22.67014,9609111.0
2023-04-24 10:00:00,BMFBOVESPA:RDOR3,22.571574,23.162969,22.335016,22.719422,3932498.0
2023-04-25 10:00:00,BMFBOVESPA:RDOR3,22.719422,22.739136,21.930896,22.492722,4654350.0
2023-04-26 10:00:00,BMFBOVESPA:RDOR3,22.177311,23.064403,22.157598,22.473007,5392842.0
2023-04-27 10:00:00,BMFBOVESPA:RDOR3,22.522291,22.709567,21.990035,22.177311,5985948.0
2023-04-28 10:00:00,BMFBOVESPA:RDOR3,22.137884,22.620858,21.960467,22.542005,5699845.0
2023-05-02 10:00:00,BMFBOVESPA:RDOR3,22.542005,22.995407,21.615486,22.019606,3955731.0
2023-05-03 10:00:00,BMFBOVESPA:RDOR3,22.03932,22.118172,21.280362,21.704195,4301388.0
2023-05-04 10:00:00,BMFBOVESPA:RDOR3,21.74362,22.581431,21.74362,22.473007,3390525.0
2023-05-05 10:00:00,BMFBOVESPA:RDOR3,22.640569,23.912069,22.177311,23.468522,6371173.0
2023-05-08 10:00:00,BMFBOVESPA:RDOR3,23.576946,24.710453,23.231965,23.369956,6195960.0
2023-05-09 10:00:00,BMFBOVESPA:RDOR3,23.162969,24.473895,23.064403,24.128914,3313013.0
2023-05-10 10:00:00,BMFBOVESPA:RDOR3,24.128914,24.503465,23.892356,24.099345,2375467.0
2023-05-11 10:00:00,BMFBOVESPA:RDOR3,23.655798,25.016006,23.448811,24.8583,3631075.0
2023-05-12 10:00:00,BMFBOVESPA:RDOR3,24.404899,25.094858,23.872642,25.094858,4534025.0
2023-05-15 10:00:00,BMFBOVESPA:RDOR3,24.887871,25.991809,24.621743,25.676397,5125406.0
2023-05-16 10:00:00,BMFBOVESPA:RDOR3,27.401299,27.963126,26.888758,27.401299,10846760.0
2023-05-17 10:00:00,BMFBOVESPA:RDOR3,27.696997,27.854702,27.154884,27.696997,4766661.0
2023-05-18 10:00:00,BMFBOVESPA:RDOR3,27.568861,28.643228,27.499865,28.564376,3896887.0
2023-05-19 10:00:00,BMFBOVESPA:RDOR3,28.781222,29.067062,28.239109,28.485524,4638422.0
2023-05-22 10:00:00,BMFBOVESPA:RDOR3,28.61366,29.274051,28.49538,28.781222,4832506.0
2023-05-23 10:00:00,BMFBOVESPA:RDOR3,28.672799,29.481039,28.49538,28.731938,4996762.0
2023-05-24 10:00:00,BMFBOVESPA:RDOR3,28.485524,28.722081,27.953269,28.189826,3594754.0
2023-05-25 10:00:00,BMFBOVESPA:RDOR3,28.92907,29.550035,28.593946,29.234624,5600926.0
2023-05-26 10:00:00,BMFBOVESPA:RDOR3,29.569748,29.638744,28.998066,29.234624,8875793.0
2023-05-29 10:00:00,BMFBOVESPA:RDOR3,28.968495,29.323333,28.879786,29.027637,1929066.0
2023-05-30 10:00:00,BMFBOVESPA:RDOR3,29.382472,29.599319,28.012408,28.574233,4774778.0
2023-05-31 10:00:00,BMFBOVESPA:RDOR3,28.041978,28.761508,27.894128,28.58409,6297618.0
2023-06-01 10:00:00,BMFBOVESPA:RDOR3,28.436241,29.944297,28.288393,29.796449,9547222.0
2023-06-02 10:00:00,BMFBOVESPA:RDOR3,30.161143,31.028522,29.697882,30.358273,6800530.0
2023-06-05 10:00:00,BMFBOVESPA:RDOR3,30.358273,30.910244,29.973868,30.653972,3664859.0
2023-06-06 10:00:00,BMFBOVESPA:RDOR3,30.841248,31.442499,30.308992,31.166515,5141740.0
2023-06-07 10:00:00,BMFBOVESPA:RDOR3,31.196084,32.782992,31.136944,31.905757,6267181.0
2023-06-09 10:00:00,BMFBOVESPA:RDOR3,32.280308,33.167402,31.738197,31.777624,5752195.0
2023-06-12 10:00:00,BMFBOVESPA:RDOR3,31.69877,32.822419,31.639628,32.231026,5636740.0
2023-06-13 10:00:00,BMFBOVESPA:RDOR3,32.250739,32.723855,31.619919,31.797334,6059198.0
2023-06-14 10:00:00,BMFBOVESPA:RDOR3,31.836761,32.999839,31.738197,32.861846,9301093.0
2023-06-15 10:00:00,BMFBOVESPA:RDOR3,32.832278,33.60109,32.684428,32.861846,4344405.0
2023-06-16 10:00:00,BMFBOVESPA:RDOR3,32.684428,33.45324,32.576005,32.753424,9804208.0
2023-06-19 10:00:00,BMFBOVESPA:RDOR3,32.73371,33.37439,32.467582,32.97027,2749025.0
2023-06-20 10:00:00,BMFBOVESPA:RDOR3,32.832278,33.413817,32.32959,32.477441,5055301.0
2023-06-21 10:00:00,BMFBOVESPA:RDOR3,32.428159,32.950556,31.797334,32.713997,5759906.0
2023-06-22 10:00:00,BMFBOVESPA:RDOR3,32.32959,32.723855,31.708624,32.457727,4672308.0
2023-06-23 10:00:00,BMFBOVESPA:RDOR3,32.477441,33.019552,32.349304,32.891415,4715629.0
2023-06-26 10:00:00,BMFBOVESPA:RDOR3,33.04912,33.216684,31.846619,32.556291,3083623.0
2023-06-27 10:00:00,BMFBOVESPA:RDOR3,32.851992,32.891415,31.265079,31.876188,4153061.0
2023-06-28 10:00:00,BMFBOVESPA:RDOR3,32.132457,32.201453,31.452355,31.541064,3401076.0
2023-06-29 10:00:00,BMFBOVESPA:RDOR3,31.541064,32.033893,31.511494,31.984612,3885727.0
2023-06-30 10:00:00,BMFBOVESPA:RDOR3,32.428159,33.354676,32.339449,32.447868,6996339.0
2023-07-03 10:00:00,BMFBOVESPA:RDOR3,32.447868,33.206826,32.339449,32.999839,3002663.0
2023-07-04 10:00:00,BMFBOVESPA:RDOR3,32.999839,33.216684,31.748052,31.787479,6343374.0
2023-07-05 10:00:00,BMFBOVESPA:RDOR3,31.501637,32.201453,31.008808,31.669201,6187844.0
2023-07-06 10:00:00,BMFBOVESPA:RDOR3,31.196084,31.383359,30.417415,30.752539,4782996.0
2023-07-07 10:00:00,BMFBOVESPA:RDOR3,30.801821,31.69877,30.703255,31.186226,4661047.0
2023-07-10 10:00:00,BMFBOVESPA:RDOR3,31.048235,31.955039,30.959526,31.274937,2738981.0
2023-07-11 10:00:00,BMFBOVESPA:RDOR3,30.555406,31.136944,29.895015,30.880673,9346748.0
2023-07-12 10:00:00,BMFBOVESPA:RDOR3,30.949669,32.211312,30.949669,31.077806,5259022.0
2023-07-13 10:00:00,BMFBOVESPA:RDOR3,30.851103,32.290163,30.762393,31.836761,3508010.0
2023-07-14 10:00:00,BMFBOVESPA:RDOR3,31.432641,32.004325,31.343932,31.501637,2472966.0
2023-07-17 10:00:00,BMFBOVESPA:RDOR3,30.663829,32.595719,30.663829,32.32959,8229220.0
2023-07-18 10:00:00,BMFBOVESPA:RDOR3,32.132457,32.79285,31.886043,32.497154,3728979.0
2023-07-19 10:00:00,BMFBOVESPA:RDOR3,32.053607,32.536577,31.767766,32.477441,3771895.0
2023-07-20 10:00:00,BMFBOVESPA:RDOR3,32.576005,32.881561,32.231026,32.881561,3354609.0
2023-07-21 10:00:00,BMFBOVESPA:RDOR3,32.920988,34.46847,32.79285,34.024923,6133971.0
2023-07-24 10:00:00,BMFBOVESPA:RDOR3,34.024923,35.394988,33.433526,35.394988,5047285.0
2023-07-25 10:00:00,BMFBOVESPA:RDOR3,35.828676,36.291937,35.483697,35.897672,4275518.0
2023-07-26 10:00:00,BMFBOVESPA:RDOR3,35.976527,36.686201,35.641403,36.449642,2737966.0
2023-07-27 10:00:00,BMFBOVESPA:RDOR3,36.567919,37.031181,35.759681,36.104663,6174451.0
2023-07-28 10:00:00,BMFBOVESPA:RDOR3,36.370792,36.696057,35.44427,35.877963,4697672.0
2023-07-31 10:00:00,BMFBOVESPA:RDOR3,36.114518,36.153945,35.316137,35.483697,3939194.0
2023-08-01 10:00:00,BMFBOVESPA:RDOR3,35.128859,35.375274,34.616317,35.000723,3792490.0
2023-08-02 10:00:00,BMFBOVESPA:RDOR3,35.000723,35.04015,34.212197,34.596603,2573711.0
2023-08-03 10:00:00,BMFBOVESPA:RDOR3,34.902159,35.247137,33.965783,34.044637,4351913.0
2023-08-04 10:00:00,BMFBOVESPA:RDOR3,34.015065,35.168287,33.955928,34.389616,5658349.0
2023-08-07 10:00:00,BMFBOVESPA:RDOR3,34.478326,34.576894,33.817936,34.133347,2249764.0
2023-08-08 10:00:00,BMFBOVESPA:RDOR3,33.650372,33.975641,33.019552,33.709513,4481471.0
2023-08-09 10:00:00,BMFBOVESPA:RDOR3,33.315248,33.581377,32.723855,33.45324,9076573.0
2023-08-10 10:00:00,BMFBOVESPA:RDOR3,33.906646,34.143201,31.679056,31.807192,12766595.0
2023-08-11 10:00:00,BMFBOVESPA:RDOR3,31.600205,31.974753,30.939812,30.998953,5524023.0
2023-08-14 10:00:00,BMFBOVESPA:RDOR3,30.949669,31.32422,30.062577,30.446983,4891755.0
2023-08-15 10:00:00,BMFBOVESPA:RDOR3,30.506124,30.900386,30.249853,30.308992,7089880.0
2023-08-16 10:00:00,BMFBOVESPA:RDOR3,30.308992,30.348419,29.352904,29.61903,11896820.0
2023-08-17 10:00:00,BMFBOVESPA:RDOR3,29.589461,30.220282,29.550035,29.865444,6540603.0
2023-08-18 10:00:00,BMFBOVESPA:RDOR3,29.865444,30.161143,29.185342,29.313477,7785355.0
2023-08-21 10:00:00,BMFBOVESPA:RDOR3,29.037491,29.865444,28.682655,29.550035,5867753.0
2023-08-22 10:00:00,BMFBOVESPA:RDOR3,29.658457,29.845733,29.421899,29.461324,5102376.0
2023-08-23 10:00:00,BMFBOVESPA:RDOR3,29.412042,29.845733,29.274051,29.559891,9665215.0
2023-08-24 10:00:00,BMFBOVESPA:RDOR3,29.609175,29.628886,29.145915,29.234624,4281909.0
2023-08-25 10:00:00,BMFBOVESPA:RDOR3,29.234624,29.471182,28.633371,28.791077,5287937.0
2023-08-28 10:00:00,BMFBOVESPA:RDOR3,28.791077,29.067062,28.49538,28.722081,3125626.0
2023-08-29 10:00:00,BMFBOVESPA:RDOR3,29.027637,29.283906,28.593946,29.136057,4335376.0
2023-08-30 10:00:00,BMFBOVESPA:RDOR3,29.313477,29.313477,28.101117,28.229252,4895712.0
2023-08-31 10:00:00,BMFBOVESPA:RDOR3,28.367246,28.800933,28.09126,28.248966,5108768.0
2023-09-01 10:00:00,BMFBOVESPA:RDOR3,28.288393,28.593946,28.140542,28.446098,5422466.0
2023-09-04 10:00:00,BMFBOVESPA:RDOR3,28.239109,28.810791,28.229252,28.682655,2369887.0
2023-09-05 10:00:00,BMFBOVESPA:RDOR3,28.317962,28.633371,28.081404,28.317962,4612044.0
2023-09-06 10:00:00,BMFBOVESPA:RDOR3,28.308104,28.909357,27.913842,27.913842,4805214.0
2023-09-08 10:00:00,BMFBOVESPA:RDOR3,27.834989,28.051833,27.499865,27.844846,3267663.0
2023-09-11 10:00:00,BMFBOVESPA:RDOR3,27.598431,29.01778,27.598431,28.958639,5849593.0
2023-09-12 10:00:00,BMFBOVESPA:RDOR3,28.998066,29.747166,28.61366,28.662942,8754149.0
2023-09-13 10:00:00,BMFBOVESPA:RDOR3,28.58409,29.490895,28.347532,28.948784,6918015.0
2023-09-14 10:00:00,BMFBOVESPA:RDOR3,29.007923,29.254337,28.101117,28.229252,4938627.0
2023-09-15 10:00:00,BMFBOVESPA:RDOR3,28.09126,28.58409,27.77585,28.367246,8187015.0
2023-09-18 10:00:00,BMFBOVESPA:RDOR3,28.485524,28.593946,27.874417,27.963126,3210848.0
2023-09-19 10:00:00,BMFBOVESPA:RDOR3,27.884273,27.884273,27.115459,27.401299,5946990.0
2023-09-20 10:00:00,BMFBOVESPA:RDOR3,27.450583,27.825133,26.869044,27.095746,3946803.0
2023-09-21 10:00:00,BMFBOVESPA:RDOR3,26.317077,26.691626,25.991809,26.119944,15444703.0
2023-09-22 10:00:00,BMFBOVESPA:RDOR3,26.198797,26.59306,25.656686,26.041091,9179347.0
2023-09-25 10:00:00,BMFBOVESPA:RDOR3,26.011521,26.100231,25.78482,25.972095,2726401.0
2023-09-26 10:00:00,BMFBOVESPA:RDOR3,25.774964,25.853816,25.006151,25.183568,7021094.0
2023-09-27 10:00:00,BMFBOVESPA:RDOR3,25.134286,25.558119,24.119057,24.562604,6937089.0
2023-09-28 10:00:00,BMFBOVESPA:RDOR3,24.483751,24.759736,24.1092,24.582318,9616517.0
2023-09-29 10:00:00,BMFBOVESPA:RDOR3,25.075147,25.252566,24.57246,25.045576,7226438.0
2023-10-02 10:00:00,BMFBOVESPA:RDOR3,24.907584,25.085004,24.296476,24.533033,4462296.0
2023-10-03 10:00:00,BMFBOVESPA:RDOR3,24.266907,24.434469,23.636085,23.862785,4834941.0
2023-10-04 10:00:00,BMFBOVESPA:RDOR3,23.862785,24.483751,23.744507,24.188055,4763719.0
2023-10-05 10:00:00,BMFBOVESPA:RDOR3,24.089489,24.493608,23.655798,23.921926,6168060.0
2023-10-06 10:00:00,BMFBOVESPA:RDOR3,23.389671,24.296476,22.739136,23.892356,14349902.0
2023-10-09 10:00:00,BMFBOVESPA:RDOR3,23.655798,24.247193,23.162969,24.148627,4686715.0
2023-10-10 10:00:00,BMFBOVESPA:RDOR3,24.22748,25.301848,24.148627,24.789305,7846430.0
2023-10-11 10:00:00,BMFBOVESPA:RDOR3,24.789305,25.094858,23.793789,23.961351,10575876.0
2023-10-13 10:00:00,BMFBOVESPA:RDOR3,23.813504,23.813504,22.453296,22.532149,13620846.0
2023-10-16 10:00:00,BMFBOVESPA:RDOR3,22.532149,23.212251,22.197024,22.965836,28798317.0
2023-10-17 10:00:00,BMFBOVESPA:RDOR3,22.60283,23.427461,22.483606,22.88102,15040698.0
2023-10-18 10:00:00,BMFBOVESPA:RDOR3,22.652506,22.950566,22.314705,22.493541,7356489.0
2023-10-19 10:00:00,BMFBOVESPA:RDOR3,22.414058,23.139338,22.304772,22.950566,12321205.0
2023-10-20 10:00:00,BMFBOVESPA:RDOR3,22.642572,23.546686,22.642572,23.21882,6688568.0
2023-10-23 10:00:00,BMFBOVESPA:RDOR3,23.08966,23.983837,22.960502,23.755326,4733118.0
2023-10-24 10:00:00,BMFBOVESPA:RDOR3,23.944097,24.003709,23.159207,23.397654,5182928.0
2023-10-25 10:00:00,BMFBOVESPA:RDOR3,23.347979,23.387721,22.016647,22.145807,5198831.0
2023-10-26 10:00:00,BMFBOVESPA:RDOR3,22.334577,22.801537,21.966971,22.741924,6414797.0
2023-10-27 10:00:00,BMFBOVESPA:RDOR3,22.612766,22.771731,21.718589,22.006712,7144115.0
2023-10-30 10:00:00,BMFBOVESPA:RDOR3,22.086194,22.334577,21.62917,21.62917,4185777.0
2023-10-31 10:00:00,BMFBOVESPA:RDOR3,21.658975,22.135872,21.251627,21.480141,4317228.0
2023-11-01 10:00:00,BMFBOVESPA:RDOR3,21.509946,23.069789,21.509946,22.821406,9119795.0
2023-11-03 10:00:00,BMFBOVESPA:RDOR3,23.626168,24.798533,23.487072,24.301767,13426355.0
2023-11-06 10:00:00,BMFBOVESPA:RDOR3,24.222285,24.262027,23.308236,23.347979,4881981.0
2023-11-07 10:00:00,BMFBOVESPA:RDOR3,23.357914,24.699182,23.248625,24.470668,7116637.0
2023-11-08 10:00:00,BMFBOVESPA:RDOR3,24.043451,24.84821,23.397654,24.639568,10906051.0
2023-11-09 10:00:00,BMFBOVESPA:RDOR3,24.858146,24.927693,23.675844,23.785133,5163804.0
2023-11-10 10:00:00,BMFBOVESPA:RDOR3,23.904355,24.589892,23.765262,24.470668,3886642.0
2023-11-13 10:00:00,BMFBOVESPA:RDOR3,24.500474,24.67931,23.616232,23.973902,5970925.0
2023-11-14 10:00:00,BMFBOVESPA:RDOR3,24.142802,25.682776,24.073256,25.16614,9062525.0
2023-11-16 10:00:00,BMFBOVESPA:RDOR3,25.335041,25.921224,25.176076,25.722517,5306527.0
2023-11-17 10:00:00,BMFBOVESPA:RDOR3,25.78213,26.259024,25.046916,25.046916,4496185.0
2023-11-20 10:00:00,BMFBOVESPA:RDOR3,25.046916,25.921224,24.937628,25.821871,4043255.0
2023-11-21 10:00:00,BMFBOVESPA:RDOR3,25.821871,25.821871,25.146269,25.454265,3451225.0
2023-11-22 10:00:00,BMFBOVESPA:RDOR3,25.702648,26.646501,25.523812,25.692713,3958809.0
2023-11-23 10:00:00,BMFBOVESPA:RDOR3,25.811935,26.338507,25.643034,25.941095,2031441.0
2023-11-24 10:00:00,BMFBOVESPA:RDOR3,25.702648,25.941095,25.424458,25.603294,4149744.0
2023-11-27 10:00:00,BMFBOVESPA:RDOR3,25.563553,26.219282,25.434394,26.100059,3493197.0
2023-11-28 10:00:00,BMFBOVESPA:RDOR3,26.070253,26.79553,25.861613,26.368314,4238518.0
2023-11-29 10:00:00,BMFBOVESPA:RDOR3,26.646501,26.75579,25.742388,25.911288,5340145.0
2023-11-30 10:00:00,BMFBOVESPA:RDOR3,26.010642,26.537212,25.335041,26.427925,6197994.0
2023-12-01 10:00:00,BMFBOVESPA:RDOR3,26.298765,27.461196,25.891417,26.96443,9786307.0
2023-12-04 10:00:00,BMFBOVESPA:RDOR3,26.656437,26.884948,26.229218,26.497472,4453107.0
2023-12-05 10:00:00,BMFBOVESPA:RDOR3,26.477601,27.063784,26.417989,26.696179,4370673.0
2023-12-06 10:00:00,BMFBOVESPA:RDOR3,26.894884,26.934626,26.050382,26.497472,5574964.0
2023-12-07 10:00:00,BMFBOVESPA:RDOR3,26.596825,26.596825,25.931159,26.129864,5672193.0
2023-12-08 10:00:00,BMFBOVESPA:RDOR3,25.821871,26.467665,25.156205,26.328572,8734906.0
2023-12-11 10:00:00,BMFBOVESPA:RDOR3,25.970899,26.557084,25.712581,26.090124,5629114.0
2023-12-12 10:00:00,BMFBOVESPA:RDOR3,26.010642,26.636565,26.010642,26.567019,3517756.0
2023-12-13 10:00:00,BMFBOVESPA:RDOR3,26.487536,28.464663,26.268961,28.097058,8699778.0
2023-12-14 10:00:00,BMFBOVESPA:RDOR3,28.51434098,29.18994008,27.99770386,28.31563379,6279622.81720829
2023-12-15 10:00:00,BMFBOVESPA:RDOR3,28.315634,28.812399,27.620161,27.848675,5811997.0
2023-12-18 10:00:00,BMFBOVESPA:RDOR3,28.037444,28.395116,27.441327,28.355376,3645985.0
2023-12-19 10:00:00,BMFBOVESPA:RDOR3,28.620001,28.860001,27.99,28.209999,5268500.0
2023-12-20 10:00:00,BMFBOVESPA:RDOR3,28.280001,28.35,27.190001,27.540001,3671400.0
2023-12-21 10:00:00,BMFBOVESPA:RDOR3,27.82,28.26,27.66,27.91,2212900.0
2023-12-22 10:00:00,BMFBOVESPA:RDOR3,27.950001,28.25,27.67,28.190001,3654900.0
2023-12-26 10:00:00,BMFBOVESPA:RDOR3,28.190001,28.5,28.1,28.299999,1435100.0
2023-12-27 10:00:00,BMFBOVESPA:RDOR3,28.219999,28.950001,28.110001,28.85,3012800.0
2023-12-28 10:00:00,BMFBOVESPA:RDOR3,28.74,28.98,28.629999,28.76,3291500.0
2024-01-02 10:00:00,BMFBOVESPA:RDOR3,28.110001,28.360001,27.58,27.74,4877200.0
2024-01-03 10:00:00,BMFBOVESPA:RDOR3,27.610001,27.9,27.26,27.49,3893300.0
2024-01-04 10:00:00,BMFBOVESPA:RDOR3,27.370001,27.51,26.91,27.24,2447500.0
2024-01-05 10:00:00,BMFBOVESPA:RDOR3,27.200001,28.51,27.120001,28.0,3814600.0
2024-01-08 10:00:00,BMFBOVESPA:RDOR3,28.0,29.18,27.860001,28.879999,4818600.0
2024-01-09 10:00:00,BMFBOVESPA:RDOR3,28.73,28.77,27.99,28.530001,6196600.0
2024-01-10 10:00:00,BMFBOVESPA:RDOR3,28.610001,29.15,28.35,28.43,5260800.0
2024-01-11 10:00:00,BMFBOVESPA:RDOR3,28.42,28.59,27.620001,28.049999,3056900.0
2024-01-12 10:00:00,BMFBOVESPA:RDOR3,27.99,28.99,27.99,28.24,3646600.0
2024-01-15 10:00:00,BMFBOVESPA:RDOR3,28.040001,28.74,28.040001,28.35,1183400.0
2024-01-16 10:00:00,BMFBOVESPA:RDOR3,28.040001,28.440001,27.209999,27.43,5689500.0
2024-01-17 10:00:00,BMFBOVESPA:RDOR3,27.42,27.6,26.809999,26.93,3390200.0
2024-01-18 10:00:00,BMFBOVESPA:RDOR3,26.959999,27.16,26.68,26.780001,3308100.0
2024-01-19 10:00:00,BMFBOVESPA:RDOR3,26.85,26.969999,26.370001,26.65,3049000.0
2024-01-22 10:00:00,BMFBOVESPA:RDOR3,26.780001,26.870001,26.139999,26.469999,2058500.0
2024-01-23 10:00:00,BMFBOVESPA:RDOR3,26.700001,27.24,26.57,27.129999,2463200.0
2024-01-24 10:00:00,BMFBOVESPA:RDOR3,27.4,27.950001,27.24,27.379999,4128200.0
2024-01-25 10:00:00,BMFBOVESPA:RDOR3,27.35,27.84,26.969999,27.17,2939500.0
2024-01-26 10:00:00,BMFBOVESPA:RDOR3,27.299999,27.91,26.9,27.559999,2611900.0
2024-01-29 10:00:00,BMFBOVESPA:RDOR3,27.27,27.68,26.809999,27.129999,1813500.0
2024-01-30 10:00:00,BMFBOVESPA:RDOR3,26.98,27.09,26.299999,26.549999,2709700.0
2024-01-31 10:00:00,BMFBOVESPA:RDOR3,26.629999,27.67,26.48,27.15,3109200.0
2024-02-01 10:00:00,BMFBOVESPA:RDOR3,26.809999,27.040001,26.27,26.76,3220600.0
2024-02-02 10:00:00,BMFBOVESPA:RDOR3,26.610001,27.030001,26.389999,26.67,3441900.0
2024-02-05 10:00:00,BMFBOVESPA:RDOR3,26.66,27.129999,26.450001,26.809999,2936000.0
2024-02-06 10:00:00,BMFBOVESPA:RDOR3,26.780001,28.0,26.690001,27.799999,4367500.0
2024-02-07 10:00:00,BMFBOVESPA:RDOR3,27.75,28.200001,27.48,27.98,2115200.0
2024-02-08 10:00:00,BMFBOVESPA:RDOR3,27.77,27.879999,27.32,27.51,4644700.0
2024-02-09 10:00:00,BMFBOVESPA:RDOR3,27.540001,28.15,27.4,27.799999,3864500.0
2024-02-14 13:00:00,BMFBOVESPA:RDOR3,27.4,27.67,26.190001,26.35,6223400.0
2024-02-15 10:00:00,BMFBOVESPA:RDOR3,26.5,26.99,26.110001,26.540001,3486500.0
